base_image,group_emotion,individual_emotions
395881830_4a3ba3dac7_142_18558269@N00,sad,"['sad', 'sad', 'sad', 'sad']"
640136013_6d45d495c6_1429_9316316@N05,happy,"['sad', 'angry', 'neutral', 'happy', 'happy', 'happy', 'happy']"
2543426146_788b19c150_3139_56117563@N00,happy,"['happy', 'neutral', 'happy', 'happy', 'fear', 'happy', 'happy']"
512111361_a361d5d188_189_71618298@N00,happy,"['happy', 'happy', 'sad', 'happy', 'happy']"
757443116_d4c1c4c10e_1183_22693520@N00,sad,"['sad', 'fear', 'happy', 'sad', 'happy', 'happy', 'happy', 'fear', 'sad', 'sad', 'neutral', 'sad']"
1608961046_8334a54c05_2012_32729164@N00,happy,"['happy', 'happy', 'happy', 'happy', 'happy']"
2173363752_c20fb492da_2183_14333987@N00,happy,"['happy', 'happy', 'happy', 'happy', 'neutral']"
1422432344_7b01de2ad1_1356_22427220@N00,happy,"['happy', 'neutral', 'fear', 'happy', 'happy']"
2557185012_155ef84e0f_2304_8452611@N05,sad,"['sad', 'happy', 'sad', 'happy']"
1592647626_115fa18167_2070_50007725@N00,happy,"['happy', 'happy', 'happy', 'sad', 'happy', 'happy', 'sad']"
493358391_6578e8d79d_195_34806931@N00,happy,"['sad', 'happy', 'neutral', 'happy', 'happy']"
2606094581_1bf4d33f6a_3056_18723167@N00,happy,"['happy', 'happy', 'neutral', 'neutral']"
2607670399_c7b3bfeae6_3049_28039108@N08,happy,"['sad', 'happy', 'neutral', 'happy', 'happy', 'happy']"
2345680043_57d2cc8a94_3227_7692803@N08,happy,"['happy', 'happy', 'happy', 'happy', 'happy', 'happy']"
2489105702_a976261e52_3178_83603910@N00,happy,"['happy', 'happy', 'happy', 'happy']"
2484141571_f6f08a9c96_2179_25562715@N05,happy,"['sad', 'neutral', 'happy', 'happy', 'neutral', 'happy', 'surprise', 'sad', 'fear', 'sad', 'happy', 'neutral', 'fear', 'happy', 'happy', 'happy', 'neutral', 'neutral', 'angry', 'fear', 'happy', 'neutral', 'fear', 'fear', 'sad', 'sad', 'happy', 'fear', 'neutral', 'sad', 'sad']"
376656220_668935e4f6_137_60363628@N00,happy,"['angry', 'happy', 'happy', 'happy', 'happy']"
2430463226_6823561458_2260_99673801@N00,neutral,"['neutral', 'neutral', 'sad', 'happy']"
2082609007_d718614265_2352_21466804@N02,happy,"['happy', 'happy', 'happy', 'happy', 'happy', 'sad']"
481386834_4012dddeb2_203_27797449@N00,happy,"['neutral', 'happy', 'happy', 'happy', 'angry']"
2332003791_f1fd0c9eaf_3278_7585885@N07,happy,"['happy', 'neutral', 'happy', 'happy']"
2478593301_7ac96f27ef_3269_73474605@N00,happy,"['happy', 'happy', 'happy', 'happy', 'happy']"
2124451044_8c4d44fe4d_2061_70879186@N00,happy,"['sad', 'happy', 'happy', 'happy']"
2128929059_d01f1f46a3_2249_22140001@N08,happy,"['happy', 'neutral', 'happy', 'happy', 'happy', 'sad', 'fear', 'happy', 'sad', 'fear', 'angry', 'sad', 'neutral']"
2340320925_e94b09ae56_3097_11099615@N00,happy,"['happy', 'neutral', 'happy', 'happy', 'happy', 'fear']"
1108987507_d07f0dfc5c_1092_47182576@N00,happy,"['happy', 'happy', 'happy', 'sad', 'sad', 'happy', 'happy', 'sad', 'angry', 'fear', 'happy', 'neutral', 'neutral']"
1116203619_be28a77a15_1332_8844649@N03,happy,"['happy', 'happy', 'happy', 'happy']"
2208149591_f3b7c6d044_2094_12301476@N08,happy,"['sad', 'angry', 'neutral', 'happy', 'happy', 'happy']"
2127095688_233a0f7074_2263_11238333@N07,happy,"['happy', 'happy', 'happy', 'happy', 'angry', 'happy']"
1043915618_25a61853c4_1010_11123524@N06,happy,"['happy', 'happy', 'happy', 'happy']"
858965197_ac2e196fd7_1410_23927408@N00,happy,"['happy', 'happy', 'happy', 'happy', 'fear', 'sad', 'sad']"
1573972272_b1bf00dd84_2323_67991331@N00,neutral,"['happy', 'neutral', 'neutral', 'neutral', 'neutral', 'happy']"
408390296_c6aa0007e4_184_48112347@N00,sad,"['sad', 'neutral', 'fear', 'neutral', 'happy', 'fear', 'sad', 'sad', 'fear', 'happy', 'happy', 'happy', 'sad', 'neutral', 'sad', 'happy']"
2196464242_64f2f5c88f_2002_11297183@N07,happy,"['happy', 'neutral', 'happy', 'happy', 'happy', 'happy']"
437166860_5fb187ae67_147_33494407@N00,happy,"['happy', 'happy', 'neutral', 'happy']"
2255185699_156e163d0e_2150_15257135@N06,happy,"['happy', 'happy', 'happy', 'happy', 'neutral']"
1331744941_e5a6526d4a_1353_12468820@N07,happy,"['happy', 'happy', 'happy', 'happy', 'happy']"
465832538_9e14f4250c_190_7964750@N08,happy,"['happy', 'happy', 'happy', 'angry', 'fear', 'neutral', 'sad', 'neutral', 'sad']"
2453194759_5b51a8ce65_3157_22741022@N08,happy,"['happy', 'sad', 'fear', 'happy', 'happy', 'happy']"
2630149497_b1c0d0dd30_3064_20503698@N00,happy,"['happy', 'happy', 'happy', 'happy', 'sad', 'fear', 'neutral']"
2367635108_0517dc3153_2201_11904452@N04,happy,"['happy', 'happy', 'happy', 'neutral', 'happy', 'sad', 'sad', 'happy', 'happy', 'sad', 'sad', 'angry', 'sad', 'happy', 'neutral', 'happy']"
1413405347_bb7bacca55_1068_13889964@N03,happy,"['happy', 'happy', 'sad', 'neutral', 'happy', 'happy', 'happy']"
472294633_3aad4f174c_213_89608384@N00,happy,"['happy', 'happy', 'happy', 'happy']"
443158153_70964b18b1_184_45624401@N00,neutral,"['neutral', 'neutral', 'neutral', 'neutral']"
534311631_a4588967cf_1088_76663156@N00,happy,"['happy', 'happy', 'happy', 'happy', 'happy']"
2484640983_8965de6a3a_2410_25164620@N06,happy,"['neutral', 'happy', 'sad', 'happy', 'happy']"
556759453_d39021ca7e_1117_47157382@N00,happy,"['happy', 'sad', 'happy', 'happy', 'happy', 'happy', 'happy']"
358906670_025471dd39_165_43002734@N00,happy,"['happy', 'happy', 'happy', 'sad', 'sad', 'happy', 'neutral', 'happy']"
1455932956_458093acf1_1417_41432413@N00,happy,"['sad', 'fear', 'fear', 'happy', 'happy', 'happy', 'happy']"
366991219_5351831a0f_115_10492664@N00,happy,"['happy', 'sad', 'happy', 'happy', 'happy', 'happy', 'sad']"
2369568362_2fcd55eccf_2052_22874721@N00,happy,"['happy', 'happy', 'happy', 'happy', 'happy']"
2333927502_ce5081318a_3260_8277241@N03,happy,"['neutral', 'happy', 'happy', 'happy']"
1207843060_bd402ed062_1419_73107181@N00,neutral,"['neutral', 'neutral', 'neutral', 'neutral', 'happy', 'neutral', 'happy', 'happy', 'sad', 'sad']"
1881666380_61087c1a8a_2398_99766845@N00,happy,"['happy', 'happy', 'happy', 'happy']"
2072903606_348ea2c3d7_2027_60843699@N00,happy,"['happy', 'happy', 'happy', 'happy', 'neutral']"
630535655_af5bd37673_1436_74474255@N00,happy,"['happy', 'happy', 'happy', 'happy', 'happy', 'happy', 'happy']"
471993792_86353733a7_205_29795037@N00,happy,"['happy', 'happy', 'happy', 'sad', 'sad', 'happy']"
462273274_e7a9467075_233_7855817@N04,happy,"['happy', 'neutral', 'happy', 'sad', 'happy', 'happy']"
393582413_f0d28c5095_143_95957999@N00,happy,"['happy', 'happy', 'happy', 'happy', 'neutral', 'fear']"
496473264_1c29378e69_220_41269729@N00,happy,"['happy', 'happy', 'happy', 'neutral']"
2597937723_53b3a0fd16_3065_91636052@N00,happy,"['happy', 'happy', 'happy', 'happy']"
691663403_f5e4ec8914_1090_8999745@N08,sad,"['sad', 'angry', 'sad', 'happy']"
2230733615_844e92873f_2011_96715103@N00,happy,"['sad', 'fear', 'happy', 'happy', 'happy', 'sad', 'happy', 'neutral', 'sad']"
395653220_34fabcb80b_136_31355686@N00,sad,"['sad', 'happy', 'sad', 'sad', 'sad', 'happy']"
2081584985_461c8aefa0_2080_15976714@N00,happy,"['happy', 'happy', 'happy', 'happy', 'happy']"
2412160563_af0352d3d0_3035_10391536@N02,happy,"['sad', 'happy', 'angry', 'neutral', 'happy']"
503507494_316aa1d5b9_209_53488310@N00,happy,"['happy', 'happy', 'happy', 'happy', 'happy', 'happy']"
457339794_2d7a2db864_203_37423588@N00,happy,"['happy', 'happy', 'happy', 'happy']"
2598767912_013c05692b_3124_91636052@N00,happy,"['happy', 'angry', 'happy', 'sad', 'happy']"
2384131623_b7cbd43d0a_2109_12223835@N08,happy,"['happy', 'happy', 'sad', 'angry', 'fear']"
2231690353_0aa4d6fc7b_2181_80018218@N00,happy,"['happy', 'neutral', 'happy', 'sad', 'happy', 'happy']"
447935415_21ded446b4_182_7673652@N07,happy,"['happy', 'happy', 'happy', 'happy']"
2335068308_308beb467e_2252_25056484@N00,happy,"['happy', 'happy', 'happy', 'happy', 'happy', 'happy']"
417996917_ecb7a93969_145_33494407@N00,happy,"['happy', 'happy', 'fear', 'happy', 'happy', 'happy', 'happy']"
758405560_a60bbeca3e_1261_9429896@N08,happy,"['happy', 'happy', 'sad', 'happy']"
1451928775_9e6c52fb60_1387_92255788@N00,happy,"['happy', 'happy', 'happy', 'neutral', 'happy', 'sad', 'sad', 'happy']"
2381928901_d7a71dbcc8_3088_86493432@N00,happy,"['neutral', 'happy', 'happy', 'happy']"
505320868_c8b4769d8a_205_27446776@N00,happy,"['happy', 'happy', 'happy', 'neutral']"
1211110440_f371052b31_1393_11929426@N07,happy,"['happy', 'happy', 'happy', 'happy']"
355457662_df978c8379_146_57278963@N00,sad,"['sad', 'happy', 'happy', 'happy', 'sad', 'sad', 'sad']"
2391736493_c6b01e23ea_2058_98885702@N00,happy,"['happy', 'fear', 'neutral', 'sad', 'happy', 'happy', 'happy', 'happy']"
2546827836_150602977e_3076_27214646@N03,happy,"['happy', 'neutral', 'happy', 'happy', 'surprise']"
1072049946_cd13ce00f7_1062_65191995@N00,neutral,"['neutral', 'neutral', 'happy', 'sad', 'happy', 'happy', 'neutral', 'neutral', 'fear']"
2142142812_bd8570d36f_2417_84385611@N00,happy,"['neutral', 'happy', 'happy', 'sad', 'sad']"
968219681_6be2f0443f_1013_25916960@N00,happy,"['happy', 'happy', 'sad', 'happy']"
2338929366_0cf9055249_2033_45112087@N00,happy,"['happy', 'happy', 'happy', 'neutral']"
1417842764_334cfca818_1416_8820364@N04,happy,"['happy', 'fear', 'neutral', 'happy', 'happy', 'happy', 'happy']"
2292744602_4b55c2a0e2_2131_77594430@N00,happy,"['happy', 'neutral', 'happy', 'happy', 'fear']"
1258460437_aa545f4f1f_1353_12094307@N06,happy,"['happy', 'happy', 'happy', 'neutral', 'fear', 'neutral', 'happy']"
2045008681_7d5e2b4e41_2213_98359355@N00,happy,"['happy', 'sad', 'happy', 'happy']"
1213544226_c63121e123_1351_11435404@N04,happy,"['neutral', 'happy', 'happy', 'happy', 'neutral', 'angry', 'sad', 'happy', 'sad', 'fear', 'sad', 'sad', 'neutral']"
437170164_91ccbd023d_158_33494407@N00,happy,"['happy', 'neutral', 'happy', 'happy']"
524747601_81d373ca04_217_8616627@N07,happy,"['happy', 'happy', 'happy', 'happy']"
2432352412_b19616e5db_2217_44168815@N00,happy,"['happy', 'happy', 'happy', 'happy', 'happy']"
2137359719_30a41f03b7_2143_13037811@N06,happy,"['happy', 'happy', 'happy', 'happy', 'neutral']"
2047174721_1a4f5180a6_2113_80487720@N00,neutral,"['neutral', 'neutral', 'fear', 'neutral', 'happy', 'neutral', 'fear', 'angry', 'neutral', 'sad', 'happy']"
2511668829_938bfbdab1_3225_26651518@N08,happy,"['sad', 'angry', 'happy', 'happy', 'angry', 'happy']"
2177248882_bb26dcc165_2245_22591173@N05,happy,"['happy', 'happy', 'sad', 'happy', 'happy', 'happy', 'happy']"
2248838961_3b8f9f32cd_2335_10150322@N04,happy,"['sad', 'happy', 'happy', 'happy']"
2192020641_b111f44e51_2411_61798155@N00,happy,"['happy', 'happy', 'happy', 'happy']"
2431036594_5f7d900fa0_3101_23034512@N07,happy,"['fear', 'happy', 'neutral', 'happy', 'happy']"
452880944_a7aee19efe_193_25637845@N00,happy,"['happy', 'happy', 'happy', 'sad', 'happy', 'neutral']"
592330798_dd3e96989d_1284_9066456@N06,happy,"['happy', 'happy', 'happy', 'happy']"
2629717827_3251c10bb4_3044_28195367@N03,happy,"['neutral', 'happy', 'happy', 'happy']"
1235044150_dae932f3f9_1180_24572661@N00,happy,"['sad', 'happy', 'happy', 'happy', 'happy']"
2616652740_ce21af90d9_3264_27230969@N02,happy,"['happy', 'surprise', 'happy', 'happy']"
1313540464_cf4575aa19_1192_75557283@N00,happy,"['happy', 'happy', 'fear', 'happy', 'fear', 'neutral']"
1138572980_a8d92e1c15_1099_62033724@N00,happy,"['angry', 'happy', 'sad', 'happy', 'neutral', 'happy', 'happy', 'happy']"
2303128789_fa41b07e55_2186_8462979@N05,happy,"['neutral', 'happy', 'happy', 'happy', 'neutral', 'sad']"
2362892518_48e945feba_2066_9198191@N08,happy,"['happy', 'happy', 'happy', 'happy']"
2493854890_5b153e04af_3271_26586061@N07,happy,"['happy', 'happy', 'happy', 'happy']"
388866765_798e9054ab_141_14333987@N00,happy,"['happy', 'happy', 'happy', 'happy', 'happy', 'angry']"
2510868973_48681f715a_2374_99383694@N00,happy,"['happy', 'happy', 'happy', 'happy', 'happy']"
2270861107_abd65ee73d_2034_81147517@N00,happy,"['happy', 'happy', 'happy', 'happy']"
498039784_3f8a01aecc_196_25903888@N00,happy,"['happy', 'happy', 'happy', 'neutral']"
414694886_71f67f6784_132_55099345@N00,happy,"['happy', 'neutral', 'neutral', 'happy']"
770817895_ba00710569_1439_21139926@N00,happy,"['neutral', 'happy', 'happy', 'happy', 'happy', 'fear', 'sad']"
2637436759_0ace923394_3082_28262554@N02,happy,"['happy', 'angry', 'happy', 'happy', 'happy']"
1149640796_fac3bcaa26_1392_11515065@N04,happy,"['happy', 'happy', 'happy', 'sad', 'neutral', 'happy', 'neutral']"
1083587895_88934eb2e5_1429_10963777@N03,sad,"['happy', 'sad', 'sad', 'neutral']"
2362213310_fb951df168_3213_10104242@N03,happy,"['disgust', 'happy', 'neutral', 'happy']"
2429378849_cce091942d_2204_25173944@N05,happy,"['happy', 'angry', 'happy', 'happy', 'happy', 'disgust']"
368637256_9d316c694c_164_23551531@N00,happy,"['angry', 'happy', 'happy', 'neutral', 'sad']"
1130146146_df59eff5fc_1167_29476455@N00,happy,"['happy', 'sad', 'happy', 'happy', 'happy', 'neutral', 'fear']"
519270337_60811f761a_212_8023699@N02,neutral,"['sad', 'neutral', 'happy', 'angry', 'neutral']"
2069263725_d913070f4e_2061_93155399@N00,happy,"['happy', 'happy', 'happy', 'happy']"
2223946280_32c9e76836_2081_23202997@N05,neutral,"['neutral', 'neutral', 'happy', 'neutral']"
386994669_a0e5bdc201_133_68063639@N00,happy,"['happy', 'happy', 'happy', 'happy']"
2275901846_cdf790a368_2264_34074763@N00,happy,"['happy', 'happy', 'happy', 'happy', 'happy', 'happy', 'happy']"
1404856932_34d12f1d68_1095_79665397@N00,sad,"['sad', 'sad', 'neutral', 'neutral', 'sad']"
422768460_d86b5d4c4a_165_60912478@N00,sad,"['sad', 'sad', 'neutral', 'neutral']"
1085712661_7804b83bef_1147_7657198@N07,happy,"['happy', 'sad', 'happy', 'sad', 'neutral', 'neutral']"
489286974_258d9cdec3_228_77086734@N00,happy,"['happy', 'happy', 'happy', 'happy', 'neutral', 'happy', 'neutral']"
2351665738_7707632bc4_2160_83949683@N00,angry,"['angry', 'angry', 'angry', 'happy', 'happy', 'angry']"
1196559318_2e9bad9874_1435_76485715@N00,happy,"['neutral', 'happy', 'happy', 'happy']"
1811973947_d6966fa76e_2156_8730186@N03,neutral,"['neutral', 'neutral', 'happy', 'happy', 'angry']"
1289536045_660632b925_1184_88382300@N00,happy,"['happy', 'happy', 'neutral', 'angry', 'fear']"
371665355_6ca363a832_146_41432413@N00,happy,"['sad', 'happy', 'neutral', 'happy', 'happy', 'happy']"
2015641958_23063cac19_2379_8612532@N02,happy,"['happy', 'fear', 'happy', 'happy', 'happy']"
1368543371_793a8e0b81_1346_20293012@N00,happy,"['happy', 'happy', 'happy', 'sad', 'fear']"
2208099159_b598e1fb13_2228_12301476@N08,happy,"['happy', 'happy', 'happy', 'neutral']"
484107017_479606b464_221_38366783@N00,happy,"['happy', 'happy', 'neutral', 'happy']"
578346054_e9836789d7_1296_54076126@N00,sad,"['sad', 'sad', 'happy', 'happy']"
2072759581_82607c5604_2009_21363856@N04,happy,"['neutral', 'fear', 'neutral', 'happy', 'happy', 'happy', 'happy', 'happy']"
1518791126_d00951c07f_2346_75229645@N00,happy,"['happy', 'happy', 'happy', 'happy', 'happy', 'happy', 'happy', 'neutral', 'happy', 'happy', 'angry']"
2287901394_d3fcdbc703_2327_91074341@N00,happy,"['happy', 'happy', 'happy', 'happy']"
1086146334_9ace888fb6_1211_89183239@N00,neutral,"['neutral', 'happy', 'neutral', 'happy']"
577326616_0181ab0e01_1327_14589397@N00,happy,"['happy', 'happy', 'happy', 'disgust']"
1076977723_ee9462fe59_1272_10044441@N07,happy,"['happy', 'happy', 'sad', 'happy', 'neutral', 'happy', 'happy', 'sad']"
2324092815_2483969e55_2161_8169640@N05,happy,"['happy', 'happy', 'neutral', 'happy', 'happy']"
512665783_fdb86aa597_194_75783760@N00,happy,"['happy', 'happy', 'happy', 'happy', 'happy']"
371092686_7144027472_178_59642516@N00,happy,"['happy', 'angry', 'happy', 'angry', 'happy']"
1404045261_9cff8c5857_1405_12393185@N04,happy,"['happy', 'happy', 'happy', 'happy', 'happy']"
2122294422_a87a9b28bc_2218_92283658@N00,happy,"['happy', 'surprise', 'happy', 'sad', 'happy']"
2024929596_8c2e1e154b_2039_19151876@N05,happy,"['happy', 'happy', 'happy', 'angry', 'neutral', 'happy', 'happy']"
2117770781_c87f125c3c_2346_67674576@N00,happy,"['happy', 'happy', 'sad', 'happy', 'happy']"
2556865743_db4c934eb5_3192_26029196@N02,happy,"['happy', 'happy', 'happy', 'happy', 'happy']"
487717122_dde49a6521_228_48255439@N00,fear,"['sad', 'fear', 'fear', 'sad', 'happy', 'neutral', 'fear']"
1028034265_ecc163ecab_1196_31235436@N00,neutral,"['neutral', 'happy', 'neutral', 'neutral', 'neutral']"
2633356957_ff59998b85_3043_28159208@N02,happy,"['happy', 'happy', 'happy', 'sad', 'happy']"
410429268_9101c88aff_163_16933505@N00,happy,"['happy', 'happy', 'happy', 'happy', 'happy', 'happy']"
863667008_fc61f091b2_1245_7448778@N05,sad,"['fear', 'sad', 'sad', 'neutral', 'neutral', 'neutral', 'happy', 'happy', 'neutral', 'sad', 'sad']"
2562368222_ba86698e66_3077_29165914@N00,happy,"['happy', 'sad', 'happy', 'happy', 'happy']"
2419131479_9472d849ce_2053_25702513@N07,happy,"['sad', 'happy', 'neutral', 'happy', 'happy']"
2372090007_2a0ea4a671_3143_25152425@N07,happy,"['neutral', 'happy', 'happy', 'happy', 'happy']"
1501191726_775432411d_2036_13277662@N05,happy,"['happy', 'neutral', 'happy', 'happy', 'happy', 'happy']"
2227787010_6c041e6e3d_2046_91699553@N00,sad,"['sad', 'sad', 'angry', 'angry', 'happy', 'happy']"
472709014_192fd1bf5c_226_95206915@N00,happy,"['fear', 'neutral', 'happy', 'happy', 'happy']"
2475954231_dc9f5d1609_2229_48889113547@N01,happy,"['happy', 'happy', 'happy', 'happy', 'happy']"
369679112_7ae8a9d59d_173_64333955@N00,happy,"['happy', 'happy', 'neutral', 'sad', 'fear', 'neutral']"
543347376_605809b39d_1228_91813747@N00,happy,"['angry', 'happy', 'happy', 'happy', 'happy']"
529463603_8bac98779d_241_27297711@N00,happy,"['sad', 'neutral', 'happy', 'happy', 'fear', 'happy', 'happy', 'sad', 'happy', 'happy']"
2233546284_c2117b56ec_2021_22108763@N00,happy,"['happy', 'happy', 'neutral', 'happy', 'neutral', 'happy']"
1096238010_4039e2f544_1327_56267759@N00,happy,"['sad', 'happy', 'happy', 'happy', 'happy', 'happy', 'happy', 'happy', 'neutral']"
2332003877_544cf0266f_3220_7585885@N07,happy,"['happy', 'happy', 'happy', 'happy', 'happy']"
490559444_f8fa2c57e1_198_32377587@N00,happy,"['happy', 'happy', 'happy', 'happy', 'happy']"
2384075391_37697c9ff6_3073_23183986@N04,neutral,"['sad', 'neutral', 'neutral', 'happy', 'happy']"
778730061_df37defd0c_1124_96037289@N00,neutral,"['fear', 'neutral', 'happy', 'happy', 'neutral']"
2545809819_93d4dd294d_2127_71026995@N00,happy,"['happy', 'happy', 'happy', 'happy', 'happy']"
385884254_f06f955e94_124_27675389@N00,happy,"['happy', 'happy', 'neutral', 'happy', 'happy']"
1592652968_1173544629_2077_50007725@N00,happy,"['fear', 'happy', 'happy', 'happy', 'happy']"
539973422_879c42d8e4_1021_31438750@N00,happy,"['happy', 'sad', 'happy', 'happy', 'neutral', 'neutral', 'sad', 'fear', 'neutral']"
732823570_38d6c73e91_1122_19914039@N00,happy,"['happy', 'happy', 'neutral', 'angry', 'neutral']"
2541530085_4977e8be01_3018_7238639@N04,happy,"['happy', 'happy', 'happy', 'happy', 'happy']"
2411136465_47a12904b3_3169_8007781@N07,happy,"['happy', 'sad', 'happy', 'happy', 'happy']"
2059176541_e9bc24076d_2106_44424738@N00,happy,"['happy', 'fear', 'happy', 'sad', 'happy']"
2597509529_f20d3d1389_3109_64911003@N00,happy,"['happy', 'happy', 'happy', 'happy']"
458909450_8bbdcfb56d_170_91863145@N00,happy,"['fear', 'happy', 'happy', 'neutral']"
2063816471_23774af03b_2043_46201007@N00,happy,"['happy', 'happy', 'happy', 'fear']"
2176444890_b25213b849_2339_86991173@N00,happy,"['happy', 'happy', 'sad', 'happy']"
2083836397_6b2abee9ae_2263_15796333@N00,neutral,"['neutral', 'sad', 'fear', 'happy']"
417961246_8e854c988a_129_33494407@N00,happy,"['happy', 'happy', 'happy', 'happy']"
2339660275_489b850b53_3086_8841090@N07,happy,"['sad', 'happy', 'happy', 'neutral']"
982603337_99d31af686_1120_62477581@N00,happy,"['happy', 'happy', 'happy', 'happy']"
752656578_d61012027f_1069_44624737@N00,happy,"['happy', 'happy', 'happy', 'sad']"
2049513532_085f188d9f_2065_79391933@N00,happy,"['happy', 'happy', 'happy', 'happy']"
430797289_c6d2c93164_186_56597029@N00,happy,"['happy', 'neutral', 'happy', 'neutral']"
1918498334_f96eb981b0_2364_8325831@N06,happy,"['happy', 'neutral', 'happy', 'happy']"
426403998_9ee2c20ab0_170_89191538@N00,happy,"['happy', 'happy', 'happy', 'happy']"
528880639_8e82bce231_1242_70198785@N00,happy,"['happy', 'happy', 'happy', 'happy']"
2474593636_15525d6010_2218_26373445@N04,happy,"['happy', 'neutral', 'happy', 'happy']"
2496638615_4cc83962eb_2184_8119277@N03,happy,"['happy', 'neutral', 'sad', 'happy']"
371534650_ddd36e2bae_142_70985827@N00,happy,"['happy', 'happy', 'happy', 'happy']"
1406980927_d62e8dd34c_1310_13786840@N02,happy,"['happy', 'happy', 'happy', 'happy']"
1327273443_51a9b35272_1039_85187972@N00,happy,"['happy', 'disgust', 'neutral', 'happy']"
2409753727_2d097583ac_3210_48889036490@N01,happy,"['neutral', 'happy', 'happy', 'happy']"
732117314_6b6b947744_1258_9682687@N02,happy,"['happy', 'neutral', 'happy', 'happy']"
370779381_bac87388b2_117_96672712@N00,happy,"['happy', 'happy', 'happy', 'happy']"
2643687853_56a72a2e9e_3282_26606851@N07,happy,"['happy', 'sad', 'happy', 'happy']"
518345618_ea772cb1e7_216_43141685@N00,happy,"['happy', 'happy', 'happy', 'happy']"
510066093_ddb8f2776d_214_27446776@N00,happy,"['happy', 'happy', 'neutral', 'happy']"
2254666243_1bb1e73ec5_2219_91074341@N00,happy,"['happy', 'happy', 'happy', 'happy']"
1358422752_abf30d5e1b_1429_11566783@N00,happy,"['happy', 'happy', 'happy', 'happy']"
1699523390_a05b44652c_2023_28946048@N00,happy,"['happy', 'sad', 'neutral', 'happy']"
2198743723_4e8b1421c7_2233_7478204@N07,neutral,"['neutral', 'fear', 'happy', 'neutral']"
2524590812_0e3ae1891e_2279_10731304@N06,happy,"['happy', 'sad', 'happy', 'neutral']"
2221931544_d7922807eb_2043_11226170@N05,happy,"['fear', 'sad', 'neutral', 'neutral', 'sad', 'happy', 'happy', 'happy', 'happy']"
1287759893_ac29a34203_1047_44545852@N00,happy,"['happy', 'happy', 'happy', 'neutral']"
358978247_b384838131_151_34698905@N00,happy,"['happy', 'neutral', 'happy', 'fear']"
2330678811_4261ccfec2_3068_16568376@N08,happy,"['happy', 'sad', 'happy', 'neutral']"
2518007001_7e8f59e6c6_3292_22240450@N05,happy,"['happy', 'happy', 'happy', 'happy']"
987580215_2cfdfb286d_1308_11753051@N00,happy,"['happy', 'happy', 'sad', 'happy']"
2569896598_71eb50d70d_3130_70587360@N00,neutral,"['neutral', 'neutral', 'happy', 'happy']"
2069287460_32ae7fd974_2097_46761408@N00,happy,"['happy', 'happy', 'happy', 'happy']"
2323278226_48b9316371_3015_70788886@N00,happy,"['happy', 'angry', 'fear', 'neutral']"
2093303201_5bd87548f6_2330_45446486@N00,happy,"['happy', 'happy', 'happy', 'happy']"
2393556737_9b97af85d2_3010_25295680@N02,happy,"['happy', 'happy', 'happy', 'happy']"
401021648_24bbaab62c_142_33494407@N00,neutral,"['neutral', 'happy', 'neutral', 'neutral']"
376084010_0595c851fb_178_19071351@N00,happy,"['happy', 'happy', 'happy', 'happy']"
365163871_a7832c3c45_162_36419005@N00,happy,"['happy', 'happy', 'happy', 'happy']"
2217666107_49d11b043b_2030_15258202@N00,happy,"['happy', 'happy', 'happy', 'happy']"
625348469_1d60dc0411_1099_41541921@N00,happy,"['happy', 'happy', 'sad', 'happy']"
465484876_596f5748b6_211_7901341@N04,sad,"['sad', 'happy', 'sad', 'happy']"
433508058_73251a2d50_163_45542923@N00,happy,"['happy', 'happy', 'happy', 'happy']"
2573554167_148768f98f_3271_48600073184@N01,happy,"['happy', 'happy', 'neutral', 'happy']"
2230931030_930e98ccd5_2254_23348741@N06,happy,"['happy', 'happy', 'happy', 'happy']"
2067403391_f5972ef1d2_2221_19732321@N04,neutral,"['neutral', 'neutral', 'sad', 'happy']"
1436512640_a07c57c8d6_1151_12625457@N05,happy,"['happy', 'happy', 'happy', 'happy']"
2090453127_5b1b3c48b2_2030_84316190@N00,happy,"['happy', 'happy', 'fear', 'angry']"
1310431852_5bafe29fb7_1315_69623171@N00,happy,"['fear', 'happy', 'angry', 'happy']"
863561609_abad1ad1c3_1204_73467588@N00,happy,"['happy', 'happy', 'happy', 'fear']"
2430310338_b1ccd97652_2325_62012217@N00,happy,"['happy', 'happy', 'happy', 'happy']"
361507422_3a116f9fc3_133_74875638@N00,happy,"['happy', 'happy', 'happy', 'happy']"
376697797_1f08556644_129_85107137@N00,sad,"['sad', 'neutral', 'happy', 'fear']"
1771631979_76ae9f4b5e_2293_11612601@N00,happy,"['happy', 'happy', 'happy', 'happy']"
2563353205_c08434084a_3140_24359542@N02,happy,"['happy', 'happy', 'happy', 'happy']"
2402575590_4d06a6413e_2175_24799035@N06,happy,"['happy', 'happy', 'happy', 'happy']"
396017550_d27d7cff4a_139_46951187@N00,happy,"['happy', 'happy', 'happy', 'neutral']"
465332119_ec921bb754_188_63241440@N00,happy,"['happy', 'happy', 'angry', 'neutral']"
444482523_7ab367eb8f_171_68651392@N00,happy,"['happy', 'happy', 'happy', 'happy']"
768815047_250519eca7_1248_59316475@N00,happy,"['happy', 'neutral', 'happy', 'happy']"
387791786_124544fab4_179_15258202@N00,happy,"['happy', 'happy', 'happy', 'happy']"
487713293_1a2ec5be71_224_33494407@N00,happy,"['happy', 'happy', 'happy', 'happy', 'happy']"
444543746_eda24fa21b_253_94382236@N00,happy,"['happy', 'happy', 'happy', 'fear']"
367591776_074343348e_169_78245069@N00,happy,"['neutral', 'happy', 'happy', 'happy', 'neutral']"
2123377660_3f19ac80e4_2095_11768493@N00,happy,"['neutral', 'happy', 'fear', 'happy']"
2092145718_6e6b6d2827_2043_69188844@N00,happy,"['fear', 'happy', 'happy', 'sad', 'sad', 'neutral', 'happy', 'sad', 'happy', 'neutral']"
2282393411_eb1268f144_2063_8442940@N07,happy,"['happy', 'neutral', 'happy', 'happy', 'happy']"
824402541_76948bdfef_1276_67586024@N00,sad,"['sad', 'fear', 'happy', 'neutral']"
366565825_7ac6414035_118_23551531@N00,happy,"['happy', 'happy', 'happy', 'happy']"
381275604_f2347158cd_137_89999331@N00,happy,"['happy', 'happy', 'happy', 'happy', 'sad']"
391879220_babeb8287a_177_70432213@N00,happy,"['happy', 'happy', 'happy', 'neutral']"
456496126_e3cb639f6c_242_37305800@N00,happy,"['happy', 'happy', 'happy', 'neutral', 'sad']"
2558304356_91af5757a7_3122_26618269@N00,happy,"['happy', 'neutral', 'happy', 'happy', 'happy']"
2234554589_e6fd0f3960_2217_9036575@N06,happy,"['happy', 'happy', 'neutral', 'angry']"
2113890400_bdb3a606b5_2033_48622565@N00,happy,"['sad', 'happy', 'happy', 'neutral', 'neutral', 'happy', 'happy']"
799481459_0c2b5885d9_1223_51857524@N00,happy,"['happy', 'happy', 'happy', 'happy']"
1825418970_81b7e91ccc_2302_28425291@N00,happy,"['happy', 'happy', 'neutral', 'happy', 'happy', 'happy', 'happy']"
360742623_173964b9aa_125_55568034@N00,happy,"['happy', 'happy', 'happy', 'happy', 'sad', 'neutral']"
2119844958_369733ab39_2335_41292280@N00,neutral,"['neutral', 'neutral', 'happy', 'sad', 'neutral']"
500909138_1d380371c6_205_41959784@N00,happy,"['happy', 'happy', 'happy', 'neutral', 'neutral']"
572139279_580a5b360a_1082_38143932@N00,happy,"['happy', 'happy', 'happy', 'sad', 'happy']"
513945633_0d9a02c1ba_200_84178472@N00,happy,"['happy', 'neutral', 'fear', 'sad']"
743523922_99ebf61020_1134_9533660@N03,happy,"['happy', 'sad', 'happy', 'happy', 'happy', 'happy']"
2416458444_831094236b_3218_67158645@N00,happy,"['happy', 'happy', 'happy', 'happy', 'happy']"
595845691_e58cdb0235_1229_19932750@N00,happy,"['neutral', 'happy', 'happy', 'happy', 'neutral']"
2266362977_d1ca980ea6_2070_95057869@N00,neutral,"['neutral', 'happy', 'neutral', 'happy', 'sad']"
1356112406_f29e631a8a_1359_29641297@N00,happy,"['happy', 'happy', 'happy', 'happy']"
380954545_9c37d983ce_129_10492664@N00,happy,"['happy', 'happy', 'fear', 'happy', 'neutral', 'happy']"
2294635761_cd02dc385f_3060_31282112@N00,happy,"['happy', 'happy', 'sad', 'angry']"
500424627_75ee6e9725_224_70729079@N00,happy,"['happy', 'happy', 'happy', 'happy', 'sad', 'happy']"
354076986_ae52b98a68_155_80969054@N00,happy,"['happy', 'happy', 'happy', 'happy', 'neutral', 'neutral']"
446269592_315854e41f_183_29557654@N00,happy,"['happy', 'happy', 'happy', 'happy']"
1673697724_2c67bd26f6_2367_31146852@N00,happy,"['sad', 'happy', 'happy', 'happy']"
446861617_ed86cdcbd5_191_90121106@N00,neutral,"['neutral', 'angry', 'happy', 'neutral']"
2395914819_e4b82dd131_2251_58768707@N00,happy,"['neutral', 'happy', 'happy', 'happy', 'happy', 'neutral', 'sad', 'sad', 'sad', 'neutral']"
2345474149_e6c9328c2a_2184_23478981@N05,happy,"['happy', 'happy', 'happy', 'happy', 'angry', 'happy']"
752468900_a570f24c4b_1147_56462663@N00,happy,"['happy', 'happy', 'happy', 'happy']"
381139768_388478dde2_185_54596057@N00,happy,"['happy', 'happy', 'neutral', 'happy', 'happy']"
2283896213_7b892f3170_3056_24038209@N07,happy,"['happy', 'happy', 'happy', 'happy']"
495339757_7deb6378a2_232_14877070@N00,angry,"['angry', 'happy', 'fear', 'angry']"
1044534228_07471e99a9_1074_10676544@N02,happy,"['fear', 'happy', 'happy', 'angry', 'happy', 'happy', 'happy']"
2569499578_efb61a1ee7_3040_12203534@N08,happy,"['fear', 'sad', 'happy', 'happy', 'happy']"
370234411_0276215204_126_69602623@N00,happy,"['happy', 'happy', 'happy', 'angry', 'neutral']"
460570298_077f86d878_190_7824149@N02,happy,"['happy', 'happy', 'happy', 'neutral', 'angry']"
2602805052_f9400ff846_3113_48972611@N00,happy,"['happy', 'happy', 'happy', 'happy', 'happy', 'happy']"
1751504335_aac2feddbb_2414_38271488@N00,happy,"['sad', 'neutral', 'happy', 'happy', 'happy']"
2596206081_052253d034_3168_17859327@N00,sad,"['sad', 'happy', 'sad', 'neutral']"
2295279052_5f711722c9_3016_10991022@N04,happy,"['happy', 'sad', 'neutral', 'happy']"
1351175923_0266453ced_1359_81583686@N00,happy,"['happy', 'happy', 'happy', 'happy']"
818582474_1a4d7008db_1413_9748250@N02,happy,"['happy', 'happy', 'happy', 'happy']"
2104768965_b3492f3f5d_2102_21731680@N05,happy,"['happy', 'happy', 'happy', 'happy', 'happy', 'happy']"
2106092670_f67afbdcfc_2004_59279200@N00,happy,"['happy', 'happy', 'angry', 'happy']"
2407131569_a93434c308_3122_13012680@N05,happy,"['neutral', 'happy', 'happy', 'happy', 'angry']"
1605189777_930a5e82ac_2146_65547475@N00,happy,"['happy', 'happy', 'happy', 'sad', 'fear', 'happy', 'happy', 'happy', 'neutral', 'sad']"
1844701275_acb7b67576_2329_16793426@N00,happy,"['happy', 'happy', 'happy', 'happy', 'happy']"
1101500069_3215313afd_1331_11118351@N02,happy,"['happy', 'fear', 'happy', 'happy']"
2328234374_77fc0b3abb_2080_7392420@N04,happy,"['happy', 'neutral', 'happy', 'happy', 'happy']"
2433119228_6dc6f88679_2186_28664759@N00,happy,"['happy', 'happy', 'happy', 'happy']"
511893033_141289a795_219_75131634@N00,neutral,"['happy', 'sad', 'neutral', 'neutral']"
2492589864_de8a2e8c36_3028_96348375@N00,happy,"['happy', 'happy', 'happy', 'happy']"
482697870_4ff9b869de_198_39847021@N00,happy,"['neutral', 'happy', 'happy', 'happy']"
2131367212_ae1923f91e_2235_8430900@N06,happy,"['happy', 'happy', 'happy', 'happy']"
1640327347_a1c7f47e63_2131_15436499@N05,happy,"['sad', 'happy', 'happy', 'happy', 'neutral']"
540638778_981f83343b_1135_29039229@N00,happy,"['happy', 'neutral', 'happy', 'sad', 'neutral']"
2361624694_a65f0573fe_2176_41432413@N00,neutral,"['neutral', 'happy', 'neutral', 'neutral', 'happy']"
1189478088_27faf8d2aa_1163_62347353@N00,happy,"['happy', 'happy', 'happy', 'sad']"
509557075_c1b37edfd5_195_19323617@N00,happy,"['happy', 'happy', 'happy', 'happy', 'happy']"
2450751523_3027fc7ea4_3189_77863046@N00,happy,"['happy', 'neutral', 'happy', 'happy']"
1448128403_5cbd1e85da_1323_14232079@N02,happy,"['happy', 'happy', 'neutral', 'neutral']"
404286815_2c81966596_132_59061312@N00,sad,"['sad', 'sad', 'sad', 'happy', 'happy', 'happy']"
354157125_978aed3ebe_130_38446435@N00,happy,"['happy', 'neutral', 'happy', 'happy']"
2282229586_d293158479_3239_23513470@N05,happy,"['happy', 'happy', 'happy', 'happy']"
1326412454_7bd6352b27_1313_67586024@N00,happy,"['neutral', 'happy', 'sad', 'happy', 'happy']"
2502978143_b1789df45c_3020_90476046@N00,happy,"['happy', 'happy', 'angry', 'sad', 'neutral']"
2291952147_3b91667d78_2325_77594430@N00,happy,"['happy', 'neutral', 'happy', 'happy', 'sad', 'happy']"
2304638980_0c18c0254b_3037_38872520@N00,happy,"['angry', 'happy', 'happy', 'happy', 'happy']"
395900443_d690b77636_187_18558269@N00,happy,"['happy', 'happy', 'happy', 'happy', 'fear']"
524384232_f936ab6453_225_42142749@N00,neutral,"['happy', 'happy', 'neutral', 'neutral', 'neutral']"
1450757323_10ed1c760e_1420_54201263@N00,happy,"['happy', 'happy', 'neutral', 'happy', 'angry']"
2478938605_69d39e3695_3279_20977442@N07,happy,"['happy', 'happy', 'happy', 'happy']"
2422998616_30772d9b85_3244_50457502@N00,happy,"['fear', 'happy', 'sad', 'happy', 'happy']"
1451711708_7fb0919bc6_1430_58839782@N00,happy,"['happy', 'happy', 'sad', 'sad']"
814316232_68e0595174_1200_8977172@N02,happy,"['happy', 'happy', 'happy']"
2422826431_1905195815_3034_10066546@N03,happy,"['fear', 'neutral', 'sad', 'happy', 'happy', 'happy', 'happy', 'happy', 'angry', 'sad']"
2581159087_f723fd8dc9_3258_7648472@N04,happy,"['happy', 'happy', 'happy', 'happy']"
400333601_ac56a587ac_142_94505081@N00,happy,"['neutral', 'happy', 'happy', 'happy']"
770113013_f4e650c897_1383_96761001@N00,happy,"['happy', 'happy', 'happy', 'happy', 'happy']"
1674371490_1edb471a6d_2359_53668943@N00,happy,"['happy', 'happy', 'happy', 'happy']"
2409537152_365bedfb37_2010_26598821@N00,happy,"['happy', 'happy', 'happy', 'fear']"
1353103557_849fce4e7f_1356_11569029@N05,happy,"['happy', 'sad', 'happy', 'happy', 'happy', 'happy']"
2081134141_13a90a5af7_2296_86848368@N00,happy,"['sad', 'happy', 'happy', 'happy', 'surprise']"
382154287_c4b74db95a_166_16091063@N00,happy,"['sad', 'happy', 'happy', 'happy']"
969073082_6d1e2d9e30_1068_25916960@N00,happy,"['sad', 'happy', 'fear', 'happy']"
1332879596_32eb6e698c_1054_9717094@N03,happy,"['happy', 'happy', 'neutral', 'happy', 'neutral', 'happy', 'fear']"
454260288_7abf987695_197_49976037@N00,happy,"['happy', 'happy', 'happy', 'happy']"
1241153932_16869961c3_1217_56825501@N00,fear,"['fear', 'happy', 'fear', 'happy']"
2112156812_6de02bf58e_2283_10893925@N03,happy,"['happy', 'neutral', 'happy', 'neutral']"
2124110903_60d696e5c0_2003_18539277@N00,happy,"['happy', 'sad', 'happy', 'happy', 'happy', 'happy']"
437171146_1075108308_186_33494407@N00,happy,"['happy', 'happy', 'happy', 'happy']"
578505134_9b1d292bba_1103_54076126@N00,happy,"['happy', 'sad', 'happy', 'happy']"
505318298_a01f4ca763_202_27446776@N00,happy,"['happy', 'happy', 'happy', 'happy', 'happy']"
1654877731_ca0baa7693_2206_8491991@N03,happy,"['happy', 'neutral', 'happy', 'happy']"
405579580_1d6a979b80_166_57334781@N00,happy,"['happy', 'happy', 'happy', 'happy']"
2037548203_7410541b9d_2072_20787834@N04,happy,"['sad', 'happy', 'happy', 'happy', 'sad', 'happy']"
952722317_eedee79fc9_1317_64939463@N00,happy,"['happy', 'happy', 'fear', 'happy', 'happy']"
2250265899_21bc4a240f_2289_46805349@N00,happy,"['happy', 'happy', 'neutral', 'happy']"
2318561787_70d22b009f_2067_22971411@N00,happy,"['sad', 'happy', 'happy', 'happy', 'happy']"
1448418189_8445e477c0_1437_14227920@N03,happy,"['happy', 'neutral', 'happy', 'happy']"
429783298_afc3698198_184_35939596@N00,happy,"['happy', 'neutral', 'happy', 'happy']"
2038362878_dd701d9a7c_2345_20787834@N04,happy,"['happy', 'happy', 'happy', 'happy', 'happy']"
2122541876_99064e7410_2152_21967068@N02,happy,"['happy', 'happy', 'sad', 'angry', 'happy']"
2420608814_3b9553d087_2136_57267473@N00,happy,"['happy', 'happy', 'happy', 'happy', 'happy', 'happy']"
2368244990_c1e7f38e28_2376_12029380@N07,happy,"['happy', 'happy', 'happy', 'happy', 'happy']"
403135487_7575eb5df7_146_13247793@N00,happy,"['happy', 'happy', 'happy', 'angry']"
2434386025_d3a14ec356_2195_82565522@N00,happy,"['happy', 'happy', 'happy', 'happy', 'neutral']"
430108514_5871ed3fde_187_7124132@N07,happy,"['happy', 'happy', 'neutral', 'happy']"
2577916086_c055ef1ffe_3257_16757486@N00,happy,"['happy', 'happy', 'neutral', 'happy']"
2267985088_1e7d466e18_2366_8586533@N08,happy,"['happy', 'happy', 'happy', 'happy']"
415292052_91a1c083ac_169_97081434@N00,neutral,"['neutral', 'happy', 'neutral', 'happy', 'fear']"
468297760_f2aff8a4b6_172_20892825@N00,happy,"['neutral', 'fear', 'happy', 'sad', 'happy', 'happy', 'sad', 'angry']"
358634400_32a338f10b_158_11674579@N00,happy,"['happy', 'happy', 'happy', 'happy', 'happy']"
369666602_76562563e8_140_81262791@N00,happy,"['happy', 'happy', 'neutral', 'happy', 'happy']"
1428116733_59bf751399_1002_15547553@N00,happy,"['happy', 'happy', 'happy', 'happy']"
756738939_cfe7f09959_1262_9547893@N08,happy,"['happy', 'happy', 'happy', 'happy']"
554098676_112c2d1c4a_1222_35867377@N00,happy,"['happy', 'happy', 'fear', 'happy']"
470035377_f73ff40e4e_214_24233013@N00,happy,"['neutral', 'happy', 'happy', 'happy']"
2109371847_af99412bef_2145_28637447@N00,happy,"['happy', 'happy', 'happy', 'happy', 'neutral', 'angry', 'happy', 'fear']"
2361786756_93eba4d612_2375_25023722@N04,happy,"['happy', 'happy', 'angry', 'happy', 'neutral']"
2552620637_2e86d4e9b8_3093_90756236@N00,happy,"['happy', 'neutral', 'happy', 'happy']"
2256373790_24d1fa59f8_2136_24775043@N00,happy,"['happy', 'happy', 'happy', 'happy', 'happy', 'sad']"
1604178629_50d047de31_2111_13346994@N02,happy,"['happy', 'happy', 'happy', 'happy']"
868786056_db9e6493b3_1007_10037749@N00,happy,"['happy', 'happy', 'happy', 'happy', 'happy']"
2308755370_5b29622d26_2211_8058850@N04,happy,"['happy', 'happy', 'fear', 'happy']"
2606922174_b471027855_3252_18723167@N00,angry,"['neutral', 'angry', 'angry', 'happy']"
660665458_7a02d80d9a_1368_9445075@N05,happy,"['happy', 'happy', 'happy', 'happy', 'happy']"
2231535987_f60e6a15c5_2093_66823806@N00,happy,"['happy', 'happy', 'happy', 'happy']"
388159315_7159caa804_128_20468761@N00,sad,"['sad', 'neutral', 'sad', 'sad']"
2381067454_735491442e_2184_32545249@N00,happy,"['happy', 'happy', 'happy', 'fear']"
2308519691_a9562978ca_3273_36428654@N00,happy,"['happy', 'happy', 'happy', 'happy']"
2189993450_fe4fcf10c3_2409_81462572@N00,happy,"['happy', 'happy', 'happy', 'happy', 'happy']"
2548313347_5d917824a3_3161_97641052@N00,happy,"['happy', 'happy', 'happy', 'happy']"
2398676922_2f167f649a_2108_10547656@N05,happy,"['happy', 'happy', 'happy', 'happy']"
2252006860_9038bfab80_2321_7780116@N03,neutral,"['angry', 'neutral', 'neutral', 'neutral', 'neutral', 'neutral']"
2512525702_c7d2e1b468_2159_64635983@N00,happy,"['happy', 'neutral', 'happy', 'neutral', 'neutral', 'happy', 'happy']"
578126726_7b231e4bab_1274_8975056@N05,happy,"['happy', 'neutral', 'happy', 'happy']"
2631173542_9cd8e436a4_3167_53692046@N00,happy,"['happy', 'happy', 'neutral', 'happy', 'happy', 'happy']"
540565704_58b3c502a6_1299_56296827@N00,happy,"['happy', 'sad', 'happy', 'happy']"
800488971_c7a9c6da38_1417_7619711@N02,happy,"['happy', 'happy', 'happy', 'happy']"
366787317_f3c1cbd291_154_58595317@N00,happy,"['happy', 'happy', 'happy', 'happy', 'sad']"
369594028_0596174b92_124_39769157@N00,happy,"['happy', 'happy', 'fear', 'happy']"
357884575_005b2963da_154_13121985@N00,happy,"['happy', 'happy', 'happy', 'happy', 'sad']"
2435360092_db1a782f98_2166_71631202@N00,happy,"['happy', 'happy', 'happy', 'happy']"
1171813547_8a98c4d958_1110_54777227@N00,happy,"['happy', 'happy', 'happy', 'neutral', 'happy', 'happy', 'neutral', 'happy']"
1034780944_b8f51a3b8a_1103_21905364@N00,happy,"['happy', 'happy', 'neutral', 'happy', 'neutral']"
449724377_8996aa94d9_226_64997799@N00,happy,"['happy', 'happy', 'happy', 'happy']"
1275905752_41f5069ac1_1043_95396592@N00,happy,"['happy', 'happy', 'happy', 'happy', 'happy', 'happy', 'happy']"
1421546489_be851bc42c_1056_22427220@N00,happy,"['sad', 'happy', 'happy', 'happy', 'sad', 'happy', 'happy', 'happy']"
2081915974_89dfaaf4db_2248_86848368@N00,happy,"['happy', 'happy', 'happy', 'happy', 'happy']"
2568402594_b431dd73ce_3093_55727689@N00,neutral,"['neutral', 'fear', 'happy', 'neutral']"
2385099896_c0222a59cd_2151_22177574@N04,happy,"['neutral', 'happy', 'happy', 'happy', 'happy']"
1480723468_dc70d91c48_1076_7429660@N02,happy,"['happy', 'happy', 'happy', 'sad']"
360129169_2e6379cb54_164_49566261@N00,happy,"['happy', 'happy', 'happy', 'happy']"
897872128_dee6333e59_1310_8430359@N07,happy,"['happy', 'happy', 'happy', 'happy']"
2122600897_bca03714c1_2142_11768493@N00,happy,"['happy', 'neutral', 'happy', 'happy']"
2179893552_b3636de79e_2333_72324736@N00,happy,"['neutral', 'happy', 'happy', 'happy', 'happy']"
2263672517_734fcc1b0e_2262_10851471@N08,happy,"['happy', 'sad', 'happy', 'happy', 'happy']"
1636436185_4515dc6d6e_2203_27353659@N00,neutral,"['neutral', 'neutral', 'neutral', 'fear', 'neutral']"
2438932006_f663d03035_2230_70344121@N00,happy,"['happy', 'neutral', 'neutral', 'angry', 'happy']"
2311951626_a789f8b0fc_3112_10066509@N05,neutral,"['neutral', 'happy', 'sad', 'fear', 'angry']"
383191550_d89080edde_146_24631297@N00,happy,"['angry', 'happy', 'happy', 'happy', 'happy']"
1186488055_eea452664a_1137_9112142@N05,happy,"['happy', 'happy', 'happy', 'happy', 'happy']"
2177400809_41dbaa9bdc_2359_46869487@N00,happy,"['happy', 'happy', 'happy', 'fear', 'happy']"
353963063_4bd7df54ae_165_71389003@N00,happy,"['happy', 'happy', 'happy', 'happy', 'happy', 'neutral']"
469162278_ed3b2ab92a_210_33494407@N00,happy,"['fear', 'happy', 'happy', 'happy', 'happy']"
1807057126_0920e32f41_2098_16895171@N02,happy,"['sad', 'happy', 'happy', 'happy', 'sad']"
829437212_7124f8db1f_1429_40957738@N00,happy,"['happy', 'happy', 'happy', 'happy', 'happy']"
366738659_314b690fba_111_60675106@N00,happy,"['fear', 'sad', 'neutral', 'happy', 'happy', 'happy']"
445655103_39fdbf8c7d_228_25275200@N00,happy,"['neutral', 'neutral', 'happy', 'happy', 'happy']"
479864561_751406130f_175_20266758@N00,happy,"['happy', 'happy', 'happy', 'happy', 'neutral']"
2297577012_d55e261a83_3183_57546530@N00,happy,"['happy', 'happy', 'happy', 'happy', 'happy', 'happy']"
1595845122_ed5eec8838_2147_39174288@N00,sad,"['sad', 'sad', 'happy', 'happy', 'sad', 'sad', 'happy', 'happy', 'neutral', 'fear']"
2569896986_b1565023c4_3129_70587360@N00,neutral,"['surprise', 'neutral', 'neutral', 'happy', 'happy']"
515398694_44bd692d1d_190_14182415@N00,happy,"['neutral', 'happy', 'happy', 'happy', 'happy']"
2423638148_4cbdb0105b_3044_10066546@N03,neutral,"['fear', 'neutral', 'neutral', 'happy', 'happy']"
2141964041_9059649bc2_2078_7895659@N06,happy,"['fear', 'happy', 'happy', 'happy', 'happy', 'happy']"
421214947_a102280fa4_160_11642286@N00,sad,"['sad', 'happy', 'sad', 'fear', 'happy']"
2135277614_76d1bd694d_2272_12593819@N00,happy,"['happy', 'happy', 'happy', 'fear', 'happy']"
2450380175_0dca68d0f3_3124_7414326@N04,happy,"['happy', 'happy', 'happy', 'happy', 'happy']"
403052097_31ada2667b_187_33494407@N00,happy,"['neutral', 'angry', 'happy', 'sad', 'happy']"
2086908127_2f0061b421_2268_72382186@N00,happy,"['happy', 'happy', 'happy', 'happy', 'happy']"
2400085181_a07f98cb01_2404_25468748@N04,happy,"['happy', 'neutral', 'happy', 'happy', 'neutral']"
764377949_6b99dbe488_1157_21847161@N00,happy,"['neutral', 'happy', 'happy', 'happy', 'sad']"
731248020_4f077c3a57_1027_9714810@N07,fear,"['fear', 'fear', 'happy', 'neutral', 'happy']"
2396385817_fcc2a1505e_2025_68525400@N00,happy,"['happy', 'neutral', 'happy', 'happy', 'happy']"
2215208247_552ae5029c_2062_86204735@N00,happy,"['neutral', 'happy', 'sad', 'happy', 'happy']"
2190426233_980c010629_2313_35034362857@N01,happy,"['sad', 'neutral', 'happy', 'happy', 'happy']"
873185306_c4c5938548_1231_70194489@N00,happy,"['happy', 'happy', 'happy', 'happy', 'happy']"
2103171496_2c0c2568bf_2115_81592379@N00,neutral,"['neutral', 'happy', 'neutral', 'happy', 'surprise']"
2578009895_ed204490fd_3096_89203331@N00,happy,"['sad', 'happy', 'happy', 'happy']"
501471416_dbd48b05b4_196_31889260@N00,happy,"['happy', 'happy', 'happy', 'happy']"
2507650010_51950562df_3217_23068576@N02,happy,"['happy', 'sad', 'happy', 'happy']"
458357344_2a34c2b113_237_97314326@N00,happy,"['happy', 'happy', 'neutral', 'happy']"
2196561465_0d6a141c50_2409_13475539@N00,happy,"['happy', 'happy', 'happy', 'happy']"
529446363_213d49bf72_1174_40381455@N00,happy,"['happy', 'happy', 'happy', 'happy']"
1795653037_2af5301fe2_2274_71685549@N00,happy,"['happy', 'happy', 'happy', 'happy']"
2473137279_31f68ea973_3204_10447223@N08,happy,"['happy', 'happy', 'happy', 'happy']"
527313805_82dd621830_1044_75117272@N00,happy,"['happy', 'happy', 'fear', 'happy']"
431602678_78e4e7bb85_186_16499435@N00,happy,"['happy', 'happy', 'happy', 'fear']"
2110908324_a5ce76f2c9_2245_21169111@N07,happy,"['happy', 'sad', 'happy', 'neutral']"
1032848056_7cd7ffcf5d_1006_79546572@N00,happy,"['happy', 'happy', 'happy', 'happy']"
2278343901_7db25a4224_2306_23930514@N05,happy,"['happy', 'happy', 'happy', 'happy']"
2359569538_b276fea988_3031_10575036@N06,happy,"['happy', 'happy', 'happy', 'happy']"
441340514_e2f822c88d_179_33494407@N00,happy,"['happy', 'happy', 'happy', 'happy']"
847712410_bc183f8d0c_1339_80503435@N00,happy,"['sad', 'happy', 'happy', 'happy']"
632046000_5a39bb6eb5_1193_49469789@N00,happy,"['happy', 'happy', 'happy', 'happy']"
2604331336_ac6d54a356_3186_9916619@N05,happy,"['happy', 'fear', 'fear', 'fear', 'neutral', 'happy', 'happy', 'angry', 'happy', 'happy', 'neutral']"
671608790_268a268027_1072_9296314@N08,happy,"['happy', 'happy', 'angry', 'happy']"
572107896_d4f94c6888_1020_45639239@N00,happy,"['happy', 'happy', 'happy', 'happy']"
1910440483_2a5a4dfa0e_2011_7205122@N03,happy,"['happy', 'happy', 'happy', 'happy']"
2218627280_f0e4905659_2100_32904951@N00,happy,"['happy', 'happy', 'happy', 'happy']"
369523023_a043d3e647_163_56669926@N00,happy,"['happy', 'happy', 'happy', 'happy']"
1348239487_0434c59a85_1105_52911558@N00,happy,"['happy', 'happy', 'happy', 'happy']"
2038281716_aeaf7160e1_2125_11550544@N05,fear,"['fear', 'fear', 'angry', 'happy']"
430239181_61b4d46a50_181_7439788@N07,sad,"['happy', 'sad', 'sad', 'neutral']"
447912908_44d5a38147_202_28576837@N00,happy,"['happy', 'happy', 'happy', 'happy']"
2500286780_8fcc0ee8a5_2243_21963786@N08,happy,"['happy', 'neutral', 'happy', 'happy']"
366495581_4abc5b0287_138_61935966@N00,happy,"['happy', 'happy', 'happy', 'sad']"
518345600_ac7db11048_209_43141685@N00,happy,"['happy', 'happy', 'happy', 'happy']"
2597934327_e1d3ac8517_3088_91636052@N00,happy,"['happy', 'neutral', 'happy', 'happy']"
1358016371_82d7a99c4e_1122_34163907@N00,happy,"['happy', 'happy', 'neutral', 'happy']"
1828239691_ffdb2743bf_2418_70155418@N00,happy,"['happy', 'happy', 'happy', 'happy']"
447762054_3d96ee089b_208_65052362@N00,happy,"['happy', 'happy', 'happy', 'happy']"
765756440_e67d1bdb9a_1021_8489790@N03,happy,"['happy', 'sad', 'happy', 'happy']"
993264043_86f40a5564_1097_8340593@N06,happy,"['happy', 'neutral', 'angry', 'happy']"
2425950998_f52e7794ba_2348_25816675@N07,happy,"['happy', 'neutral', 'happy', 'happy']"
464966320_289e523fee_176_22688286@N00,happy,"['happy', 'neutral', 'happy', 'happy']"
405110239_471e9cddd5_173_42909337@N00,happy,"['happy', 'happy', 'happy', 'neutral']"
2229374275_1ef7c2d765_2253_9754329@N08,happy,"['happy', 'angry', 'happy', 'happy']"
491319564_5c6766083d_226_8213628@N04,happy,"['happy', 'happy', 'happy', 'happy']"
461106167_7c9ce377cf_191_83106697@N00,happy,"['happy', 'happy', 'happy', 'happy']"
2199372321_7d182c91ab_2079_10986586@N05,neutral,"['happy', 'angry', 'neutral', 'neutral']"
1011891580_30a645c434_1343_83485605@N00,happy,"['happy', 'happy', 'happy', 'happy']"
359832056_a20b7cc663_123_74482383@N00,sad,"['sad', 'happy', 'happy', 'sad']"
1881668414_8557efbdfb_2164_99766845@N00,happy,"['happy', 'angry', 'happy', 'happy']"
447258998_4d838b0271_239_71075828@N00,happy,"['happy', 'happy', 'happy', 'happy']"
2417447643_f1268dd9cb_2180_43195273@N00,happy,"['happy', 'happy', 'happy', 'sad']"
2178018233_57b28fbee8_2304_16682684@N00,neutral,"['neutral', 'neutral', 'neutral', 'happy']"
457702331_fc562edbb1_228_7808052@N06,happy,"['happy', 'happy', 'happy', 'happy']"
1995022472_791a447bb1_2362_56335109@N00,happy,"['happy', 'happy', 'happy', 'happy']"
1560115008_5447fcf7a7_2090_65584845@N00,happy,"['happy', 'happy', 'happy', 'happy']"
432811191_e631caef2a_159_7500631@N06,happy,"['happy', 'happy', 'happy', 'happy']"
1943319372_309b155555_2186_92155448@N00,happy,"['happy', 'happy', 'happy', 'happy']"
777415406_5ba9faec97_1363_9945496@N02,happy,"['happy', 'happy', 'happy', 'happy']"
2169171520_cda18ed2e4_2355_17164193@N00,happy,"['happy', 'happy', 'happy', 'neutral']"
2436165979_06b905c4be_2143_76784944@N00,happy,"['happy', 'happy', 'happy', 'happy']"
353593057_dead4be151_129_99694168@N00,happy,"['happy', 'sad', 'happy', 'happy']"
451176056_9a96f51b0d_228_7496597@N03,happy,"['happy', 'angry', 'happy', 'happy', 'sad', 'happy']"
381539901_7521fd56c8_98_44957391@N00,happy,"['happy', 'happy', 'happy', 'happy']"
2612771466_4d15c79428_3137_72185868@N00,happy,"['happy', 'happy', 'happy', 'neutral']"
566623186_f44659b509_1330_12984545@N00,happy,"['happy', 'neutral', 'happy', 'happy']"
2411412841_d019361ff4_3146_99495832@N00,happy,"['fear', 'happy', 'happy', 'happy']"
2145253695_4b7d70f04c_2225_84821907@N00,happy,"['happy', 'happy', 'happy', 'happy']"
2342651667_525e9aeaa3_2113_68473686@N00,happy,"['happy', 'happy', 'happy', 'sad', 'happy', 'happy']"
421802323_f735f2277a_186_27545346@N00,happy,"['happy', 'happy', 'happy', 'happy']"
2350532746_c7ee22268b_2276_62417949@N00,happy,"['happy', 'happy', 'happy', 'happy']"
527931323_d51d27a3a9_1105_49243361@N00,happy,"['happy', 'neutral', 'happy', 'neutral', 'fear', 'angry']"
385245197_216802c645_147_30062889@N00,happy,"['happy', 'happy', 'happy', 'happy']"
463720165_af0f7a24f3_214_10145087@N00,happy,"['neutral', 'happy', 'surprise', 'happy', 'happy', 'happy']"
464972631_1c67e84f70_209_22688286@N00,neutral,"['sad', 'neutral', 'neutral', 'neutral', 'happy', 'happy', 'happy']"
524934952_2718a62bd0_194_83838608@N00,happy,"['happy', 'happy', 'happy', 'neutral', 'sad', 'happy']"
1392957559_479595945f_1164_9021156@N03,happy,"['happy', 'happy', 'happy', 'happy', 'happy', 'happy', 'happy']"
2192018577_42f194fc9c_2168_61798155@N00,happy,"['neutral', 'happy', 'happy', 'happy', 'sad']"
515451769_22edcb4451_216_80169899@N00,happy,"['happy', 'happy', 'happy', 'happy']"
1236345792_25e1598f43_1053_11524416@N05,happy,"['neutral', 'fear', 'happy', 'happy', 'happy', 'happy']"
2408507904_75799b6905_2210_23812246@N04,neutral,"['neutral', 'fear', 'happy', 'happy', 'neutral']"
2329320223_118d876cc0_2358_24147155@N07,happy,"['angry', 'happy', 'happy', 'fear']"
523941583_fef39d3477_250_93038022@N00,happy,"['happy', 'neutral', 'happy', 'happy', 'happy']"
2120988211_fa4fd093c9_2332_8572700@N04,happy,"['happy', 'happy', 'happy', 'happy', 'neutral']"
2169523572_97faff89f1_2082_68449751@N00,happy,"['neutral', 'happy', 'happy', 'happy', 'happy']"
771256674_1b048d8bf0_1245_20528706@N00,happy,"['happy', 'angry', 'happy', 'happy', 'happy']"
540706641_0079875590_1016_54378690@N00,happy,"['neutral', 'happy', 'happy', 'neutral', 'happy']"
2606094739_9b8b47ba99_3220_18723167@N00,happy,"['happy', 'happy', 'angry', 'angry']"
793385106_a88d63c337_1224_96988650@N00,happy,"['happy', 'happy', 'happy', 'sad', 'happy', 'happy', 'fear']"
390963803_49287929c7_160_40411468@N00,happy,"['happy', 'happy', 'happy', 'neutral', 'happy']"
486997878_efdf16ee55_225_92855777@N00,happy,"['happy', 'happy', 'happy', 'happy', 'happy', 'angry']"
358421142_ec8c4495bd_157_47419866@N00,happy,"['happy', 'happy', 'sad', 'happy', 'neutral']"
497718398_651fd930b4_216_84132996@N00,neutral,"['sad', 'fear', 'neutral', 'happy', 'neutral', 'happy']"
1271691845_2f9a5a6e4e_1273_29693561@N00,happy,"['happy', 'fear', 'happy', 'happy']"
434380039_ee1d93450a_187_12851749@N00,happy,"['happy', 'happy', 'neutral', 'happy', 'happy']"
2378556823_45d12b5e01_2378_17164193@N00,happy,"['happy', 'happy', 'happy', 'happy']"
1112799685_d867077c53_1329_44711882@N00,happy,"['happy', 'happy', 'fear', 'fear', 'happy', 'happy']"
1116340632_924322d5d5_1324_37925030@N00,happy,"['happy', 'happy', 'happy', 'sad', 'happy', 'sad']"
2068787735_ed332f8b70_2137_89027534@N00,happy,"['happy', 'happy', 'happy', 'happy', 'happy', 'happy', 'happy', 'happy']"
2130477232_bbabe1265b_2170_99015941@N00,happy,"['happy', 'happy', 'neutral', 'happy']"
422883922_fc503e3be6_148_46869143@N00,happy,"['happy', 'happy', 'happy', 'happy', 'sad']"
526234502_2047175d44_1221_21548501@N00,happy,"['happy', 'happy', 'happy', 'happy']"
2422824339_33950f1c7c_3001_10066546@N03,neutral,"['angry', 'neutral', 'sad', 'neutral', 'neutral', 'happy', 'neutral', 'happy']"
434109495_e2d52167e9_187_18379255@N00,happy,"['neutral', 'happy', 'happy', 'happy']"
480950099_efded5085e_223_69206205@N00,happy,"['happy', 'happy', 'neutral', 'happy']"
2123379930_2bd47540f8_2138_11768493@N00,happy,"['happy', 'happy', 'fear', 'happy']"
468540735_f15c2b0967_176_40954787@N00,happy,"['happy', 'happy', 'happy', 'happy']"
1383884177_d9c35d59d4_1404_11474333@N05,happy,"['sad', 'fear', 'happy', 'happy', 'sad', 'happy']"
2213953504_f703a52244_2119_11047904@N08,neutral,"['sad', 'neutral', 'neutral', 'angry', 'neutral', 'neutral']"
417998146_20095f9404_163_33494407@N00,happy,"['happy', 'fear', 'happy', 'happy', 'neutral']"
396163988_e337fffce1_136_69369215@N00,happy,"['happy', 'happy', 'happy', 'happy', 'happy']"
539561070_aa8a91679e_1144_66757294@N00,happy,"['neutral', 'happy', 'sad', 'happy', 'happy', 'happy']"
2387248075_1de3407311_2042_11490843@N08,happy,"['happy', 'happy', 'happy', 'happy']"
416242864_466cba984a_165_33494407@N00,happy,"['happy', 'happy', 'neutral', 'neutral', 'angry', 'neutral', 'happy']"
2388250401_43af469a23_3116_68266675@N00,happy,"['happy', 'happy', 'happy', 'happy', 'neutral']"
2350720301_f19af5f743_3057_9405794@N07,happy,"['happy', 'neutral', 'happy', 'happy', 'happy', 'happy', 'happy']"
1203242254_d39c659f16_1094_7310714@N06,happy,"['happy', 'happy', 'neutral', 'happy']"
2122891756_9d328d3fbb_2181_11004098@N02,happy,"['happy', 'happy', 'sad', 'fear', 'happy', 'surprise', 'happy']"
2382819008_f514477ce8_3203_25290947@N08,happy,"['happy', 'happy', 'happy', 'happy']"
407357757_f382eeb384_158_20929277@N00,happy,"['happy', 'happy', 'happy', 'happy', 'surprise']"
2111071200_2b41f1c6d2_2409_31954184@N00,happy,"['happy', 'happy', 'happy', 'happy', 'happy']"
389948972_8ad4db4377_171_10738067@N00,happy,"['fear', 'neutral', 'happy', 'happy', 'angry', 'happy']"
2053928442_d9c738f5fb_2366_21179287@N08,happy,"['neutral', 'neutral', 'happy', 'happy', 'happy']"
2065982497_ea61b4c723_2415_34502380@N00,happy,"['happy', 'happy', 'happy', 'happy']"
1092572827_6da7dfa734_1084_90517757@N00,happy,"['fear', 'neutral', 'neutral', 'happy', 'happy', 'happy', 'sad']"
365900030_cb30d7d63b_98_56614502@N00,neutral,"['neutral', 'angry', 'angry', 'fear', 'happy', 'neutral', 'neutral', 'happy']"
2570574449_0f017022c6_3023_63334159@N00,happy,"['happy', 'sad', 'happy', 'happy', 'angry', 'happy']"
2258471435_a9c6040dcf_2061_18125152@N00,happy,"['happy', 'happy', 'happy', 'neutral', 'happy']"
2376335360_7b25a52784_3043_25214111@N08,happy,"['happy', 'happy', 'sad', 'happy', 'fear']"
412411130_b2971fdd33_174_11642286@N00,happy,"['happy', 'happy', 'happy', 'happy']"
356889983_b008ae66e4_155_92778929@N00,happy,"['happy', 'happy', 'happy', 'happy', 'happy']"
441339958_db7dff2803_195_33494407@N00,happy,"['happy', 'happy', 'angry', 'happy', 'neutral', 'sad', 'neutral']"
2323291036_1359e74412_3174_70788886@N00,happy,"['happy', 'happy', 'happy', 'happy', 'happy']"
1163460259_46996ee35d_1100_11680701@N05,happy,"['fear', 'happy', 'happy', 'neutral', 'sad', 'fear', 'happy']"
497449561_c2925f7e23_193_32975565@N00,happy,"['happy', 'happy', 'happy', 'happy']"
2295586302_d59a11d357_3230_80122724@N00,happy,"['fear', 'happy', 'sad', 'happy', 'happy']"
450732461_7c2dbeec30_182_91114841@N00,happy,"['happy', 'happy', 'neutral', 'neutral']"
439668024_251791a53f_165_96845917@N00,happy,"['happy', 'happy', 'happy', 'happy', 'happy', 'happy']"
1680502690_eee64d710e_2013_14704201@N03,happy,"['happy', 'happy', 'happy', 'happy', 'happy', 'happy']"
508350919_481754a89e_219_16163538@N00,happy,"['fear', 'happy', 'happy', 'angry', 'happy', 'sad']"
2300355074_c1a82c3a01_3118_15595996@N00,happy,"['happy', 'fear', 'sad', 'happy', 'neutral', 'happy', 'happy']"
2582820490_52e9beb653_2268_45722711@N00,angry,"['angry', 'angry', 'happy', 'sad', 'fear', 'happy']"
425755518_00ac3528e5_166_51035735481@N01,happy,"['happy', 'happy', 'happy', 'happy']"
401778065_f28eec336f_165_15725396@N00,happy,"['happy', 'happy', 'happy', 'happy', 'happy']"
2293471000_f390fe982a_3165_9030333@N02,happy,"['happy', 'angry', 'happy', 'happy']"
1314154121_d439fdf1d4_1316_25916960@N00,happy,"['happy', 'happy', 'happy', 'neutral', 'happy']"
2503904006_e0c46e735e_2003_25560237@N05,happy,"['happy', 'happy', 'happy', 'happy']"
2489420336_7e3017e3bd_2305_24332483@N07,happy,"['happy', 'sad', 'happy', 'happy', 'happy']"
2062255233_391eead2a7_2080_51485176@N00,happy,"['happy', 'happy', 'happy', 'neutral']"
1339183744_495c922973_1038_57059629@N00,fear,"['fear', 'fear', 'happy', 'sad', 'sad']"
2286605683_363a3f7f50_3180_21890834@N07,happy,"['happy', 'neutral', 'happy', 'happy', 'sad']"
2066045759_8af163881f_2065_26025405@N00,happy,"['neutral', 'sad', 'happy', 'happy', 'happy', 'happy', 'neutral']"
492190880_0699168b17_192_54294194@N00,happy,"['happy', 'happy', 'happy', 'happy']"
2445025516_d7f8173d71_2336_61742023@N00,happy,"['happy', 'happy', 'happy', 'happy']"
361986865_36aa732490_153_88156353@N00,happy,"['happy', 'happy', 'happy', 'happy', 'happy']"
1496556871_b81dbe4ec2_1225_8237729@N02,happy,"['happy', 'happy', 'happy', 'angry', 'happy']"
2559399113_319b0713dc_3036_8730186@N03,happy,"['happy', 'happy', 'happy', 'happy', 'sad', 'happy']"
1413721979_a71c98c782_1206_7512404@N02,happy,"['happy', 'happy', 'happy', 'happy']"
2080764197_4b40d16232_2175_53108604@N00,happy,"['sad', 'happy', 'fear', 'neutral', 'happy']"
1801738170_d65e0e5d0c_2179_7378192@N06,happy,"['angry', 'happy', 'happy', 'happy', 'neutral']"
1822051497_ce55c1b6b0_2100_17280773@N07,happy,"['neutral', 'happy', 'happy', 'sad']"
1097525197_d2bd1733da_1204_45836168@N00,happy,"['happy', 'happy', 'fear', 'sad', 'happy', 'happy']"
484913772_e8cf545358_167_46869487@N00,happy,"['happy', 'angry', 'happy', 'happy', 'happy']"
630579238_5456ee03b0_1056_7221366@N06,happy,"['happy', 'happy', 'sad', 'happy']"
2142760582_1deee34295_2083_8004781@N05,happy,"['fear', 'happy', 'happy', 'neutral']"
486295501_066bbb8bb9_183_95934681@N00,happy,"['happy', 'happy', 'happy', 'happy', 'sad', 'sad']"
2643391892_5a1a9fa63f_3137_64445411@N00,happy,"['happy', 'neutral', 'happy', 'happy', 'sad', 'happy', 'happy', 'sad']"
2311202259_36199d21e1_2160_54294194@N00,happy,"['neutral', 'happy', 'neutral', 'happy', 'happy', 'happy']"
2129776826_6d8f391a15_2322_16927666@N03,happy,"['sad', 'happy', 'neutral', 'happy', 'happy']"
354437581_d892b3771b_148_78608020@N00,happy,"['happy', 'happy', 'happy', 'happy']"
2478165346_5c163647bd_2018_7794213@N03,happy,"['neutral', 'angry', 'sad', 'happy', 'happy', 'happy', 'happy', 'sad']"
383811833_6e4a473b61_140_26277240@N00,happy,"['happy', 'happy', 'happy', 'happy', 'happy', 'happy']"
1355597567_631ee4fee8_1395_17729148@N00,happy,"['sad', 'happy', 'fear', 'happy', 'fear']"
1112055665_1336a670c9_1154_43892612@N00,happy,"['neutral', 'happy', 'happy', 'sad']"
2143081796_58192d8a86_2415_68473686@N00,happy,"['happy', 'happy', 'sad', 'happy', 'happy', 'happy', 'happy', 'sad']"
2228617645_e9909e7cda_2019_77459183@N00,happy,"['happy', 'neutral', 'fear', 'happy', 'happy']"
376084007_0310c7b5bd_140_19071351@N00,happy,"['happy', 'happy', 'happy', 'happy']"
1008056499_a52d5247f0_1080_22209351@N00,happy,"['happy', 'happy', 'neutral', 'happy', 'sad']"
471224342_1622640dd9_222_75403381@N00,happy,"['happy', 'happy', 'happy', 'happy', 'happy']"
871211662_fdc7a90ea7_1317_49906406@N00,happy,"['happy', 'sad', 'neutral', 'happy', 'happy']"
1592928171_36b4b92c96_2041_84144244@N00,happy,"['happy', 'neutral', 'happy', 'happy']"
2246969213_b6d1703cd3_2077_23565824@N04,happy,"['happy', 'happy', 'happy', 'happy', 'happy']"
617217431_c3756cdd8e_1411_88143672@N00,happy,"['happy', 'happy', 'happy', 'neutral']"
492016556_e1cdbee9c1_197_87939532@N00,happy,"['fear', 'happy', 'happy', 'happy', 'happy']"
358142500_39a8b97172_156_69461990@N00,happy,"['happy', 'neutral', 'happy', 'happy']"
361507437_439fb96e1b_140_74875638@N00,happy,"['happy', 'angry', 'happy', 'sad']"
421334400_113f56a854_151_96489918@N00,happy,"['sad', 'happy', 'happy', 'happy', 'neutral', 'sad', 'angry']"
1411438667_895f13c6fa_1355_23737563@N00,happy,"['neutral', 'happy', 'angry', 'happy', 'happy']"
2272464533_c9a8960dc0_2187_94553866@N00,happy,"['happy', 'sad', 'happy', 'happy', 'happy']"
2219326670_fbe5b57ed8_2327_41432413@N00,happy,"['neutral', 'happy', 'happy', 'happy', 'happy']"
442786054_75b8ff5970_191_17687176@N00,happy,"['sad', 'happy', 'happy', 'neutral', 'neutral']"
453236589_bcc9251416_243_59905186@N00,neutral,"['sad', 'angry', 'happy', 'neutral', 'neutral']"
1539063406_c10d9bdf2d_2017_14617223@N04,happy,"['neutral', 'happy', 'happy', 'neutral', 'happy']"
2099991648_4487ce6e3b_2171_42649774@N00,happy,"['happy', 'happy', 'happy', 'happy', 'happy']"
534637715_61ddf9ec85_1213_27323914@N00,happy,"['neutral', 'angry', 'happy', 'happy', 'happy']"
2503108207_a5f669436e_2381_23548318@N08,neutral,"['neutral', 'neutral', 'happy', 'sad', 'happy']"
2059943559_9addd170a9_2292_10978146@N05,neutral,"['neutral', 'neutral', 'fear', 'neutral', 'neutral']"
2181944217_ef471039f6_2072_76992465@N00,happy,"['happy', 'happy', 'sad', 'happy', 'happy', 'happy', 'happy']"
438406432_8c996420a3_168_41836903@N00,happy,"['happy', 'happy', 'happy', 'happy', 'happy']"
2216567710_ebcfd37828_2288_47759279@N00,happy,"['neutral', 'happy', 'happy', 'sad', 'happy', 'happy']"
372538312_3b2af2eaa4_176_91847930@N00,happy,"['fear', 'happy', 'happy', 'neutral', 'sad']"
2514602521_09770e347b_2328_15799822@N02,happy,"['sad', 'happy', 'angry', 'happy', 'fear']"
2076952466_6c5b306421_2037_81349649@N00,happy,"['angry', 'fear', 'happy', 'happy', 'happy']"
2598883273_a35d1a7d30_3273_20984172@N00,happy,"['happy', 'happy', 'happy', 'happy', 'happy']"
2139214699_4bec7350d7_2281_24509941@N00,happy,"['neutral', 'happy', 'happy', 'happy', 'happy', 'happy']"
497393612_55a430b86d_218_91554792@N00,happy,"['happy', 'happy', 'neutral', 'happy', 'happy', 'angry']"
2362286266_195a3a0f62_2164_25003351@N05,happy,"['happy', 'happy', 'happy', 'happy', 'happy', 'happy']"
2215001757_0af3dea3f9_2001_22039765@N00,happy,"['happy', 'happy', 'happy', 'happy', 'fear']"
360129425_d0fd4cbfe4_166_49566261@N00,happy,"['happy', 'happy', 'sad', 'happy', 'angry']"
453741313_0529e62808_216_36077720909@N01,happy,"['sad', 'happy', 'neutral', 'happy', 'happy']"
2147534802_a16b1aa7c2_2309_27426116@N00,happy,"['sad', 'neutral', 'happy', 'happy', 'happy', 'neutral']"
2314712407_fc7ab6e532_2057_24449982@N06,happy,"['sad', 'neutral', 'fear', 'happy', 'happy']"
2403659530_209758ef50_3162_42173091@N00,neutral,"['neutral', 'sad', 'angry', 'happy', 'neutral', 'happy']"
945100065_854bc5a3ce_1367_14792256@N00,happy,"['fear', 'happy', 'happy', 'happy', 'happy']"
2081116741_4e2ef7a76a_2227_35511728@N00,happy,"['happy', 'happy', 'happy', 'sad', 'happy']"
679127972_b8970e44cb_1253_7401345@N06,happy,"['fear', 'happy', 'happy', 'happy', 'happy']"
1241021189_d5dcf2d683_1266_12157824@N05,happy,"['happy', 'happy', 'happy', 'happy', 'neutral', 'happy']"
2194325046_bf6ef0d683_2267_24505720@N00,happy,"['neutral', 'neutral', 'happy', 'happy', 'happy', 'happy']"
375990356_442f10ef53_181_91304046@N00,happy,"['angry', 'happy', 'happy', 'happy', 'happy', 'happy']"
2386371312_beb624855e_3235_23933463@N00,happy,"['neutral', 'happy', 'happy', 'happy', 'happy']"
2186092534_36164ca6e8_2285_22642577@N06,happy,"['happy', 'happy', 'neutral', 'happy', 'happy', 'sad']"
1790877707_6f959b3540_2138_78525398@N00,happy,"['happy', 'happy', 'happy', 'happy', 'happy', 'happy']"
1549506590_6086913642_2108_12467938@N05,happy,"['happy', 'happy', 'sad', 'happy', 'happy']"
589372405_56bf3d70ba_1059_14696573@N00,happy,"['happy', 'happy', 'happy', 'happy', 'happy']"
2223283459_106bb82aa0_2142_15465239@N03,happy,"['neutral', 'happy', 'happy', 'happy', 'neutral']"
2589675854_745f62e101_3061_7769838@N02,happy,"['happy', 'happy', 'happy', 'happy', 'happy']"
2336081974_e5e9e2b02f_2114_8444576@N06,happy,"['happy', 'happy', 'happy', 'fear', 'neutral']"
1066508149_95a6119d10_1173_8904980@N05,happy,"['sad', 'happy', 'happy', 'happy', 'fear']"
413151483_d5ccd767ca_187_44323457@N00,happy,"['happy', 'neutral', 'happy', 'happy', 'neutral']"
1396456013_d6b5dcc2b2_1236_58418794@N00,happy,"['happy', 'happy', 'happy', 'happy', 'happy']"
355320879_e70428d659_158_81719031@N00,happy,"['fear', 'happy', 'happy', 'sad', 'happy']"
643789330_542ded5912_1179_9348598@N03,happy,"['happy', 'happy', 'happy', 'happy', 'happy']"
2207624458_443a902745_2367_81737589@N00,happy,"['happy', 'neutral', 'neutral', 'sad', 'happy']"
401314210_a7a473eeea_139_32038116@N00,happy,"['happy', 'disgust', 'sad', 'angry']"
383525216_9201b79aef_150_70612559@N00,happy,"['happy', 'happy', 'neutral', 'neutral']"
1377183335_263e525bce_1084_32278246@N00,happy,"['happy', 'happy', 'happy', 'happy']"
413598036_a812dc4f00_177_11825476@N00,happy,"['sad', 'happy', 'happy', 'happy']"
864339131_fe463f1188_1183_29409706@N00,happy,"['happy', 'happy', 'sad', 'happy']"
2143700155_875e3f1372_2129_30056944@N00,happy,"['happy', 'happy', 'happy', 'happy']"
2493383337_266b8c7128_2021_97093002@N00,happy,"['happy', 'neutral', 'happy', 'happy']"
2351691521_8018679c95_3131_8642269@N05,happy,"['happy', 'happy', 'happy', 'happy']"
2500284038_88a27f456e_3152_21963786@N08,happy,"['happy', 'happy', 'happy', 'happy']"
498596089_a6a80b725f_212_98083017@N00,happy,"['happy', 'happy', 'happy', 'fear']"
414987308_45ff098a61_154_88366637@N00,happy,"['happy', 'happy', 'happy', 'fear']"
458909444_b1e159a57f_200_91863145@N00,neutral,"['neutral', 'neutral', 'neutral', 'neutral']"
480377958_aa8f5ef3f0_213_21212216@N00,happy,"['happy', 'happy', 'happy', 'happy']"
1249821558_1335f600f3_1059_35355480@N00,happy,"['happy', 'happy', 'happy', 'happy']"
356477938_81ca912b05_165_73323022@N00,happy,"['happy', 'happy', 'neutral', 'happy']"
2619401796_d06281256a_3293_47755797@N00,happy,"['sad', 'happy', 'happy', 'happy']"
401126490_425ed0ffc3_168_91213304@N00,happy,"['happy', 'happy', 'happy', 'happy']"
413167622_a3644a2ff2_169_7256070@N06,happy,"['happy', 'happy', 'happy', 'happy']"
2434389389_ffcf9b1fc1_2160_82565522@N00,happy,"['happy', 'happy', 'happy', 'happy']"
2203879458_4392f87b65_2183_19199677@N00,happy,"['happy', 'happy', 'happy', 'happy']"
506907956_354c1fed54_211_49371390@N00,happy,"['happy', 'happy', 'happy', 'happy']"
365192660_c7268af568_134_51097175@N00,happy,"['happy', 'happy', 'happy', 'happy']"
1358423248_b3d0f325e2_1127_11566783@N00,happy,"['happy', 'happy', 'happy', 'neutral']"
2176330595_0f46156a50_2042_68063639@N00,happy,"['happy', 'happy', 'sad', 'happy']"
1352965513_2c490cfe6a_1344_12766047@N06,neutral,"['neutral', 'happy', 'neutral', 'happy']"
410167890_f89db52f38_161_92268171@N00,happy,"['happy', 'happy', 'neutral', 'happy']"
855025434_3501897579_1130_79669641@N00,happy,"['happy', 'happy', 'happy', 'happy']"
2619633216_0d1544ec38_3162_10584185@N03,happy,"['happy', 'happy', 'happy', 'happy']"
415183237_f1c1bc190e_164_33494407@N00,happy,"['neutral', 'happy', 'fear', 'happy']"
1541644108_3724c3aae1_2317_53406795@N00,happy,"['happy', 'happy', 'neutral', 'happy']"
873192567_cd4c735f11_1043_9245223@N05,happy,"['happy', 'happy', 'happy', 'happy']"
383814881_8bdacb9f72_177_94105638@N00,happy,"['happy', 'happy', 'happy', 'happy']"
633136820_579e2d27e1_1328_9311253@N04,neutral,"['happy', 'neutral', 'neutral', 'sad']"
542147149_28ecb6b380_1256_99926996@N00,happy,"['happy', 'happy', 'happy', 'angry']"
473181237_662543a8dc_176_90495448@N00,fear,"['fear', 'happy', 'sad', 'neutral']"
1095083232_af6013ae97_1291_8430900@N06,happy,"['happy', 'happy', 'happy', 'happy']"
375827323_75e6040f04_145_75401560@N00,happy,"['happy', 'happy', 'happy', 'happy']"
1376818829_d13770fb59_1055_13488692@N07,happy,"['happy', 'neutral', 'neutral', 'happy']"
526107666_e52234b0c4_1216_51304322@N00,happy,"['happy', 'happy', 'happy', 'happy']"
1421536399_3740d7874b_1136_22427220@N00,happy,"['happy', 'happy', 'happy', 'happy']"
2214106677_92457611a9_2339_79178184@N00,happy,"['happy', 'happy', 'sad', 'happy']"
2472049333_58a619956a_3034_24123129@N04,happy,"['angry', 'happy', 'happy']"
411028350_aa9408ffb1_185_14164804@N00,happy,"['happy', 'neutral', 'happy', 'neutral']"
992452487_19d8677dfd_1360_8914830@N05,happy,"['happy', 'happy', 'happy', 'happy']"
2139343092_d60db05b16_2285_21715570@N03,happy,"['happy', 'happy', 'happy', 'happy']"
576505644_690b8bc053_1072_9102494@N07,happy,"['surprise', 'happy', 'happy', 'happy']"
998093975_1827c29b33_1053_40739710@N00,happy,"['neutral', 'fear', 'happy', 'happy', 'happy', 'happy', 'happy']"
479790334_24ec227b96_176_66657918@N00,happy,"['happy', 'happy', 'happy', 'happy']"
1434834270_67d74f2162_1114_93129640@N00,neutral,"['neutral', 'happy', 'sad', 'angry', 'neutral']"
2085881941_b6ed86135b_2287_20973436@N07,happy,"['happy', 'happy', 'happy', 'happy']"
855127075_4b92df6586_1360_12995467@N00,happy,"['happy', 'happy', 'happy', 'happy', 'happy']"
2309615172_6a0398d21c_3229_54978964@N00,happy,"['happy', 'happy', 'happy', 'happy', 'sad']"
492749762_31ffb5ba6a_215_82852118@N00,happy,"['happy', 'happy', 'happy', 'happy']"
2197026570_0c5ab12eab_2199_10786217@N06,happy,"['happy', 'happy', 'sad', 'happy']"
2549676776_88ccd12206_3044_22422333@N07,happy,"['happy', 'happy', 'happy', 'sad', 'happy']"
1329110358_73fdb3d0a6_1139_8052271@N03,happy,"['neutral', 'happy', 'happy', 'happy']"
413692612_cf1acd979c_133_79052354@N00,happy,"['happy', 'happy', 'happy', 'sad', 'happy', 'happy']"
2470356420_b876de4a12_2405_66822349@N00,happy,"['happy', 'happy', 'happy', 'happy']"
522326806_71b5aea6f4_210_46164850@N00,happy,"['happy', 'neutral', 'happy', 'happy']"
2444448301_74c248058a_2409_10098339@N04,neutral,"['neutral', 'neutral', 'happy', 'happy']"
419544501_e309b593e0_170_31355686@N00,happy,"['happy', 'happy', 'happy', 'happy']"
2255575013_d38a5e4681_2172_24775043@N00,happy,"['happy', 'sad', 'happy', 'happy', 'happy', 'happy']"
475335326_e82dcdc425_224_22479280@N00,happy,"['happy', 'happy', 'happy', 'happy']"
2612439277_d541c0806f_3055_22517882@N03,happy,"['happy', 'happy', 'happy', 'happy', 'sad', 'neutral']"
1708171849_a46e8fb8d3_2124_35761902@N00,happy,"['happy', 'happy', 'happy', 'happy']"
1418884592_3aebbbe388_1210_92744250@N00,happy,"['sad', 'happy', 'happy', 'happy', 'neutral', 'happy', 'happy']"
2112667464_017c24ee37_2071_21868937@N04,happy,"['neutral', 'happy', 'happy', 'happy', 'neutral', 'neutral', 'happy', 'happy']"
2276129937_def856c3fa_2259_37837114@N00,happy,"['happy', 'happy', 'happy', 'happy', 'happy']"
473562412_302fdf611a_227_39564900@N00,happy,"['happy', 'happy', 'happy', 'happy', 'happy']"
430120043_7dd51532ac_155_44124458380@N01,happy,"['fear', 'disgust', 'happy', 'happy', 'neutral', 'sad']"
547072826_c86d99fcdb_1428_77758198@N00,fear,"['fear', 'fear', 'fear', 'happy', 'happy']"
570551003_e32a4f0dcc_1304_67167918@N00,happy,"['happy', 'happy', 'happy', 'sad']"
860598012_2e7cb0e3dc_1196_82181059@N00,happy,"['happy', 'happy', 'happy', 'happy']"
2248948401_142a618cec_2259_88512520@N00,angry,"['angry', 'angry', 'angry', 'angry']"
1017290849_c23dabf7cb_1303_8544508@N06,happy,"['sad', 'happy', 'happy', 'fear', 'happy', 'happy']"
463451803_a71ba7e75d_172_31355686@N00,happy,"['happy', 'happy', 'happy', 'happy']"
2223343651_47b36f1b9f_2092_23217091@N05,happy,"['happy', 'happy', 'happy', 'happy', 'happy', 'sad']"
1313106115_e8ec8b486a_1030_22148389@N00,happy,"['happy', 'happy', 'happy', 'happy', 'happy']"
2382114702_51e39ae187_3168_25326298@N08,happy,"['happy', 'happy', 'happy', 'angry', 'happy', 'happy', 'happy', 'sad']"
2231050873_5a2923762a_2098_9137477@N07,happy,"['happy', 'happy', 'happy', 'happy', 'happy']"
2514675073_fbe542a647_3224_26890095@N06,happy,"['happy', 'happy', 'neutral', 'neutral']"
1124037992_b8686492a8_1154_75031123@N00,happy,"['happy', 'happy', 'happy', 'happy']"
2105727298_ed37ab22b9_2362_99124115@N00,happy,"['happy', 'happy', 'neutral', 'angry']"
1385332259_a227a58e61_1365_57298146@N00,happy,"['happy', 'happy', 'happy', 'angry']"
1753764145_6ad39b4c76_2001_15953032@N04,happy,"['neutral', 'happy', 'happy', 'neutral', 'happy', 'sad']"
2485976349_842b02f080_2029_97838640@N00,neutral,"['neutral', 'neutral', 'neutral', 'neutral']"
1232767458_dba2db9167_1274_7310714@N06,happy,"['happy', 'happy', 'neutral', 'happy', 'neutral']"
512760778_d597a6ad0c_216_13098640@N00,happy,"['happy', 'happy', 'happy', 'sad']"
2125943041_1c95d25226_2218_17164193@N00,happy,"['happy', 'angry', 'happy', 'happy', 'happy', 'neutral']"
1241376032_9a7e89f684_1289_35034362831@N01,happy,"['sad', 'happy', 'happy', 'happy', 'happy']"
2059340076_1f0073b654_2175_68515809@N00,happy,"['happy', 'happy', 'happy', 'happy']"
394998897_bd19a58d80_159_34074763@N00,neutral,"['neutral', 'happy', 'fear', 'sad', 'fear', 'neutral', 'sad']"
438864339_9894aae5e1_186_41849789@N00,happy,"['happy', 'happy', 'happy', 'happy']"
2515124990_42212e6e93_2078_32426187@N00,happy,"['happy', 'happy', 'happy', 'happy']"
1019667021_63cf525f62_1114_51841507@N00,happy,"['happy', 'happy', 'happy', 'happy', 'happy', 'happy']"
2107535597_d2046b522f_2349_21758834@N05,happy,"['happy', 'happy', 'happy', 'happy']"
2150854624_6aa4b086d1_2102_15010666@N02,sad,"['sad', 'sad', 'happy', 'sad', 'sad']"
2309324163_a3642df9e8_2001_12410809@N06,happy,"['happy', 'happy', 'sad', 'happy']"
419123304_9f45cbd730_165_73561327@N00,happy,"['happy', 'happy', 'happy', 'happy']"
418134657_a6e4eef300_161_7200886@N06,fear,"['happy', 'fear', 'angry', 'fear']"
406950461_9e504915a3_167_44778039@N00,happy,"['fear', 'happy', 'happy', 'happy', 'sad']"
1753380996_290dab2308_2048_50241082@N00,happy,"['happy', 'happy', 'neutral', 'happy']"
2083994314_3ca90e7ce1_2255_43229845@N00,happy,"['sad', 'happy', 'happy', 'fear']"
2519089807_77f1bce2bb_2059_26933205@N03,happy,"['happy', 'happy', 'happy', 'happy']"
2208162379_57d39b6ca3_2230_12301476@N08,happy,"['happy', 'neutral', 'happy', 'happy', 'surprise']"
1011734798_e6b7b46473_1091_21998175@N00,happy,"['happy', 'happy', 'happy', 'neutral', 'neutral', 'neutral']"
2265686481_0a8874ac81_2294_39125613@N00,happy,"['happy', 'happy', 'happy', 'happy', 'sad']"
2546625494_62b2d10511_3007_8358753@N05,happy,"['happy', 'happy', 'happy', 'happy', 'happy']"
877326021_926c43c446_1046_90569898@N00,happy,"['happy', 'happy', 'happy', 'happy']"
2231528486_a5950d4cf7_2171_96715103@N00,neutral,"['sad', 'happy', 'neutral', 'neutral']"
375339084_5366b82f4d_148_39739352@N00,happy,"['happy', 'happy', 'happy', 'happy']"
2390219989_104d21f3d5_3043_13089036@N07,happy,"['happy', 'happy', 'happy', 'happy', 'neutral']"
1058400693_bb660e59d2_1112_19654752@N00,happy,"['angry', 'sad', 'fear', 'happy', 'angry', 'happy', 'happy']"
510202434_14d5fd0898_192_42254231@N00,happy,"['happy', 'sad', 'happy', 'happy', 'angry']"
2604717832_7d8397e2f4_2160_24466225@N03,sad,"['sad', 'sad', 'happy', 'sad', 'neutral', 'happy']"
2239981396_491efa6ddb_2247_21890834@N07,happy,"['happy', 'neutral', 'happy', 'happy']"
419280600_beda38be62_161_7241257@N06,happy,"['happy', 'fear', 'happy', 'happy', 'happy', 'happy']"
2413057435_4c51875d98_3255_8517906@N02,happy,"['happy', 'happy', 'happy', 'happy', 'angry']"
1036275783_1a97d1f96d_1429_62334475@N00,happy,"['happy', 'happy', 'happy', 'happy', 'happy']"
2229722157_80ac9f879e_2021_12151665@N07,happy,"['happy', 'neutral', 'happy', 'happy', 'happy']"
1111219077_9288bbbb1b_1353_35369784@N00,happy,"['fear', 'happy', 'happy', 'sad', 'happy']"
410525698_20c4882b12_168_33182025@N00,happy,"['happy', 'sad', 'happy', 'happy', 'neutral', 'neutral']"
1021538569_435215f49f_1097_24873961@N00,happy,"['happy', 'happy', 'sad', 'happy', 'happy', 'happy', 'fear']"
1621527317_7d47b6f0c1_2214_15348151@N05,fear,"['fear', 'happy', 'neutral', 'sad', 'fear', 'fear']"
761828958_83e6e51145_1202_7211429@N03,happy,"['happy', 'happy', 'happy', 'happy']"
1473942633_5c8d64cf17_1121_14493570@N04,neutral,"['sad', 'neutral', 'neutral', 'happy', 'neutral']"
358416003_60b9b5bffc_147_47419866@N00,happy,"['happy', 'happy', 'happy', 'happy', 'happy']"
2147359614_6b970c3853_2115_8275234@N07,happy,"['happy', 'happy', 'happy', 'sad']"
371660999_ab1154dd79_171_90111636@N00,happy,"['happy', 'happy', 'sad', 'happy']"
451199042_b7b34b604c_218_75254430@N00,fear,"['fear', 'happy', 'fear', 'happy']"
2470111726_38c690f842_2009_94902018@N00,happy,"['neutral', 'happy', 'happy', 'happy', 'happy']"
402831773_b006202fd4_157_94936186@N00,happy,"['happy', 'happy', 'fear', 'happy', 'happy', 'sad']"
1815573182_ae5c753ee4_2033_30992149@N00,happy,"['sad', 'happy', 'happy', 'happy', 'angry', 'happy']"
425101092_ccb9bfea87_159_31676538@N00,sad,"['sad', 'sad', 'sad', 'fear']"
2484509226_b7cfcccb4d_3246_40348061@N00,happy,"['happy', 'fear', 'neutral', 'fear', 'happy', 'happy']"
484933398_29c79ff9af_211_51939593@N00,happy,"['happy', 'happy', 'happy', 'happy', 'happy']"
2571542622_bb21a58a7b_3276_53198975@N00,happy,"['happy', 'happy', 'happy', 'angry', 'angry', 'happy']"
2616965735_1559d172f5_3093_10156082@N07,sad,"['neutral', 'sad', 'sad', 'fear']"
2348231019_e3181eafda_2269_26143366@N00,happy,"['happy', 'happy', 'happy', 'happy', 'sad', 'happy', 'angry']"
468380708_c426f961d6_198_75708800@N00,happy,"['happy', 'happy', 'happy', 'sad', 'happy']"
2300541992_e198a7bde3_2301_12486166@N08,happy,"['happy', 'angry', 'happy', 'sad', 'happy']"
2348987154_eea47277c4_3082_75941574@N00,happy,"['happy', 'happy', 'happy', 'happy', 'sad']"
476925697_0dd66f2091_170_42909337@N00,happy,"['happy', 'happy', 'happy', 'fear', 'happy', 'happy', 'happy']"
517524106_63b2a1c93b_227_47284858@N00,happy,"['happy', 'happy', 'happy', 'neutral']"
385420927_a87b35cf63_153_91416973@N00,happy,"['happy', 'happy', 'happy', 'happy']"
2105902781_3c170a0388_2110_41541921@N00,happy,"['happy', 'fear', 'fear', 'happy', 'happy']"
2642323081_31d9e17460_3162_8257702@N07,happy,"['happy', 'happy', 'happy', 'happy', 'happy']"
2152312653_a94abf5b05_2046_11168032@N04,happy,"['happy', 'happy', 'happy', 'neutral']"
844080718_7493e208de_1403_10856561@N00,happy,"['happy', 'neutral', 'happy', 'neutral']"
2235194218_a675cafabe_2209_8660506@N05,happy,"['happy', 'happy', 'happy', 'happy']"
2092582364_01ce841d78_2180_21624346@N04,happy,"['happy', 'happy', 'happy', 'happy', 'neutral', 'happy', 'sad']"
2138855751_3933fe0056_2191_83586782@N00,happy,"['happy', 'happy', 'happy', 'happy']"
2313595474_321503089d_3128_24484648@N08,happy,"['happy', 'neutral', 'happy', 'happy']"
2317390569_51e5e9ee6b_2231_24473485@N04,happy,"['angry', 'happy', 'happy', 'happy']"
1454366858_ecc4bb33a5_1173_37063765@N00,happy,"['happy', 'happy', 'happy', 'happy']"
2536191149_3e1657c885_3284_50325108@N00,happy,"['happy', 'angry', 'happy', 'neutral', 'sad', 'happy']"
454807434_109a9c22f7_202_58992320@N00,happy,"['angry', 'angry', 'happy', 'happy', 'happy']"
2129999528_4516ed3c57_2034_11088838@N06,happy,"['happy', 'happy', 'happy', 'happy']"
997523909_fecf117e2a_1400_79717989@N00,happy,"['happy', 'sad', 'happy', 'happy']"
952933099_d6c59f88ab_1233_20647241@N00,happy,"['happy', 'happy', 'happy', 'happy']"
510921804_89434eac62_208_45915993@N00,happy,"['fear', 'neutral', 'happy', 'happy']"
2630354447_ec94d8b04b_3087_8530001@N04,happy,"['happy', 'happy', 'happy', 'happy', 'happy']"
651066130_39a07e3331_1257_69869047@N00,happy,"['happy', 'happy', 'happy', 'happy']"
364568531_eb164dfcd5_142_32021278@N00,sad,"['neutral', 'sad', 'happy', 'happy', 'sad']"
365851020_0c3ff32c66_115_51035747100@N01,happy,"['happy', 'happy', 'fear', 'happy', 'neutral', 'happy']"
859852034_9ca2cf87b2_1064_23927408@N00,happy,"['happy', 'happy', 'happy', 'happy', 'angry', 'happy']"
1893506298_439bc08dbf_2199_8543959@N02,neutral,"['sad', 'happy', 'neutral', 'neutral', 'happy', 'neutral', 'happy', 'neutral']"
2236538086_21ab9caf23_2146_16191204@N00,happy,"['fear', 'happy', 'angry', 'happy', 'neutral']"
709672845_deac7dff4b_1240_47554402@N00,happy,"['sad', 'happy', 'happy', 'neutral']"
378912977_e026ee55c8_158_73944309@N00,happy,"['neutral', 'happy', 'happy', 'happy', 'happy']"
581847520_ba56d243e4_1168_8716124@N07,neutral,"['neutral', 'happy', 'fear', 'neutral', 'fear']"
2104396984_5c93b70cc4_2404_21711067@N04,happy,"['fear', 'sad', 'happy', 'happy', 'happy']"
366710624_2c830382fe_125_23188322@N00,happy,"['neutral', 'angry', 'happy', 'happy', 'happy']"
1514994977_e6669942e8_248_98447621@N00,happy,"['happy', 'neutral', 'happy', 'happy']"
2197932322_36ebb13e6e_2045_29318600@N00,neutral,"['neutral', 'happy', 'neutral', 'happy', 'sad', 'neutral']"
2081229348_0db7193a6e_2115_73056494@N00,neutral,"['fear', 'happy', 'neutral', 'sad', 'neutral', 'neutral']"
1824730119_89fb9591c2_2080_7604279@N05,happy,"['happy', 'happy', 'happy', 'happy', 'sad']"
2037485595_556ffec104_2168_11550544@N05,happy,"['neutral', 'happy', 'happy', 'happy']"
1806209881_d79ebfc1f7_2353_24737678@N00,happy,"['angry', 'fear', 'happy', 'happy', 'happy', 'happy']"
2311139935_540bb39c54_2261_82101100@N00,happy,"['happy', 'neutral', 'happy', 'happy']"
2643837229_eb7ab99e18_3109_11407911@N05,happy,"['happy', 'happy', 'neutral', 'sad', 'happy', 'happy', 'happy']"
2174037408_6fdf4ee8d8_2058_13356017@N02,happy,"['happy', 'happy', 'happy', 'happy']"
434597283_351d9a5a1d_179_78572655@N00,happy,"['neutral', 'happy', 'happy', 'neutral', 'happy']"
438527408_ecffac3959_185_57399511@N00,happy,"['happy', 'happy', 'happy', 'fear', 'sad', 'happy']"
1044767734_8b4478bc95_1021_27451101@N00,happy,"['happy', 'happy', 'happy', 'sad', 'happy', 'happy']"
2111814632_cb57efd569_2054_12223835@N08,happy,"['happy', 'happy', 'happy', 'neutral', 'sad']"
1930266802_0e1beeafa4_2171_18875888@N00,happy,"['happy', 'happy', 'happy', 'happy', 'happy', 'happy']"
374064247_28ce949865_132_73102208@N00,happy,"['happy', 'neutral', 'happy', 'happy']"
388515126_3fdc0f9f8d_185_64985182@N00,happy,"['happy', 'neutral', 'happy', 'happy', 'fear', 'happy']"
855450756_39738e5dbc_1400_15453018@N00,happy,"['happy', 'neutral', 'fear', 'happy', 'happy', 'happy']"
562258210_a076778655_1190_84355402@N00,happy,"['happy', 'happy', 'happy', 'happy', 'happy', 'sad']"
2389082422_3d04401872_3083_68266675@N00,happy,"['happy', 'sad', 'happy', 'happy', 'neutral']"
1205027563_e4f8a4f702_1084_72927857@N00,happy,"['happy', 'fear', 'happy', 'happy', 'neutral']"
2327034744_f0a79476d9_3134_27859011@N00,neutral,"['sad', 'angry', 'happy', 'neutral', 'neutral']"
2313922612_be96d92d75_2010_9079649@N04,happy,"['sad', 'happy', 'neutral', 'fear', 'happy']"
2155801686_332abe0be9_2253_41233427@N00,happy,"['sad', 'neutral', 'happy', 'happy', 'happy']"
1187670560_0c30dccf68_1168_79971760@N00,happy,"['neutral', 'happy', 'happy', 'happy', 'happy']"
1944615269_fee2a236b5_2183_21657526@N00,happy,"['neutral', 'happy', 'neutral', 'happy', 'happy']"
2154443243_ed788e5195_2400_41707251@N00,happy,"['happy', 'happy', 'fear', 'happy', 'happy']"
415194272_fc8bddad26_182_33494407@N00,happy,"['fear', 'happy', 'happy', 'happy', 'angry']"
1106765757_bffd7d7aea_1177_82384303@N00,happy,"['fear', 'happy', 'happy', 'happy', 'happy']"
2100513818_bf042dae57_2191_55974665@N00,happy,"['happy', 'happy', 'happy', 'happy', 'happy']"
1198646330_f43da209a4_1100_56144857@N00,happy,"['happy', 'happy', 'happy', 'happy', 'happy', 'happy']"
434464251_aac5394dce_157_33494407@N00,happy,"['fear', 'fear', 'happy', 'angry', 'happy', 'happy']"
2383729745_3d68c1457c_3294_33988281@N00,neutral,"['sad', 'neutral', 'sad', 'neutral', 'neutral']"
1509295239_4ea0a23485_2308_45139959@N00,sad,"['sad', 'neutral', 'happy', 'surprise', 'sad']"
483017062_2e661c996c_220_19735141@N00,happy,"['sad', 'happy', 'happy', 'surprise', 'happy', 'neutral']"
373159777_1a3b712526_183_31682942@N00,neutral,"['happy', 'neutral', 'neutral', 'neutral', 'sad', 'neutral']"
2363544115_282315f9c6_2080_22961832@N00,happy,"['happy', 'happy', 'happy', 'happy', 'happy', 'happy']"
446347369_62b9d312e0_200_7563398@N02,neutral,"['neutral', 'happy', 'neutral', 'happy', 'neutral']"
809619871_bbac0fe9f1_1325_61947606@N00,happy,"['angry', 'happy', 'happy', 'happy', 'happy']"
2453264643_768ecb2408_3004_45861060@N00,happy,"['sad', 'happy', 'happy', 'happy', 'happy']"
2203701087_4c3e9bb8f0_2065_87364517@N00,happy,"['neutral', 'sad', 'happy', 'happy', 'happy', 'happy']"
417960112_248de616cb_146_33494407@N00,happy,"['happy', 'happy', 'happy', 'happy', 'happy']"
716498131_3a09626c6c_1220_45601123@N00,happy,"['happy', 'happy', 'happy', 'sad', 'neutral', 'happy']"
2321333282_707b8b7e6e_2199_13490427@N04,happy,"['neutral', 'happy', 'happy', 'happy', 'happy', 'happy']"
2569689625_5de647f172_3134_25208418@N05,happy,"['happy', 'happy', 'happy', 'happy', 'happy']"
407524324_6615ede6b1_134_35724829@N00,neutral,"['fear', 'neutral', 'neutral', 'fear', 'happy', 'neutral']"
2291776644_a4c3d71bda_2353_23061006@N03,happy,"['sad', 'happy', 'happy', 'happy', 'happy']"
1413786488_b065d0336a_1433_13891429@N02,happy,"['happy', 'happy', 'happy', 'happy', 'happy']"
2423636712_a4296a7be3_3045_10066546@N03,happy,"['fear', 'sad', 'happy', 'happy', 'happy', 'happy']"
525764042_4c65ddc032_1016_21669640@N00,neutral,"['angry', 'neutral', 'neutral', 'neutral', 'sad']"
2314216456_d027c2a76b_3266_17164193@N00,neutral,"['neutral', 'happy', 'neutral', 'fear', 'neutral']"
456483200_2a1cb8d402_227_37305800@N00,happy,"['neutral', 'happy', 'happy', 'sad', 'sad', 'happy']"
2191213806_bfeb67e78f_2081_35034362857@N01,happy,"['fear', 'neutral', 'happy', 'happy', 'happy', 'happy']"
2540313798_fddc6419e3_2066_9065936@N07,happy,"['sad', 'happy', 'happy', 'happy', 'happy']"
2126161365_24a6a566f3_2331_24848792@N00,neutral,"['sad', 'neutral', 'neutral', 'neutral', 'happy']"
1472689561_449be06c74_1010_7658073@N03,happy,"['happy', 'fear', 'happy', 'happy', 'happy']"
416293588_49650f9900_152_88471367@N00,happy,"['sad', 'happy', 'happy', 'fear', 'happy']"
455708641_51d973e51f_195_13987147@N00,happy,"['happy', 'happy', 'sad', 'sad', 'happy']"
2169857623_b62964fbd2_2245_78257159@N00,happy,"['happy', 'neutral', 'angry', 'happy', 'happy']"
2565697647_c52be7b204_3130_72831787@N00,happy,"['happy', 'happy', 'happy', 'happy']"
490709338_cb052dbb17_198_85901515@N00,happy,"['happy', 'happy', 'happy', 'happy']"
2334149672_1843f02d0f_3146_95634710@N00,happy,"['neutral', 'happy', 'angry', 'happy']"
487684060_a9f3849145_208_33494407@N00,happy,"['happy', 'happy', 'neutral', 'happy']"
394122699_319c806b46_168_91213304@N00,happy,"['happy', 'happy', 'happy', 'happy']"
710070977_c0f1c64b58_1189_7467803@N03,happy,"['happy', 'happy', 'happy', 'happy']"
433316034_b6cf923105_161_7308195@N08,happy,"['happy', 'happy', 'happy', 'happy']"
2347991485_41a9565f35_3233_10614041@N06,neutral,"['neutral', 'happy', 'angry', 'neutral']"
389193263_0a18ce939f_171_67294362@N00,neutral,"['happy', 'neutral', 'neutral', 'angry']"
2495183194_cf7b652748_2207_76784944@N00,happy,"['happy', 'happy', 'happy', 'happy']"
2499459331_6efca8ba08_2299_21963786@N08,happy,"['happy', 'happy', 'happy', 'sad']"
1238938899_d3bce019d8_1367_49454518@N00,happy,"['happy', 'happy', 'happy', 'happy']"
1655379015_7843625092_2113_14030751@N07,happy,"['happy', 'sad', 'happy', 'happy']"
2308050669_c199ea0851_3202_24345409@N04,happy,"['happy', 'happy', 'happy', 'happy']"
770354535_bbc10da15b_1184_39968498@N00,happy,"['happy', 'angry', 'happy', 'happy']"
715227225_ab76ea46c0_1073_9479445@N03,happy,"['neutral', 'happy', 'happy', 'happy']"
2160362980_0270df012e_2260_72897399@N00,happy,"['happy', 'happy', 'happy', 'happy']"
353973522_bf25cd899c_138_86975806@N00,happy,"['happy', 'happy', 'happy', 'neutral']"
2524984335_4583d44192_3174_34217162@N00,happy,"['happy', 'angry', 'happy', 'happy']"
537250291_6b1bf846ed_1328_8756808@N02,happy,"['fear', 'happy', 'happy', 'angry']"
694297789_c2fe0e1ea6_1121_9526955@N02,happy,"['happy', 'happy', 'happy', 'happy']"
562423432_0c4c4ad09b_1169_65798164@N00,happy,"['fear', 'happy', 'happy', 'happy']"
1874428476_c35d44d04c_2057_49798735@N00,happy,"['happy', 'happy', 'happy', 'happy']"
2314118257_f9f1cecf43_2336_23838949@N03,happy,"['happy', 'happy', 'happy', 'happy']"
391299107_b8416e4c41_187_36654903@N00,happy,"['happy', 'happy', 'happy', 'sad']"
509988117_0bf58c414f_203_76503846@N00,happy,"['happy', 'happy', 'happy', 'happy']"
2449854897_9602124296_3288_22013974@N06,happy,"['happy', 'happy', 'happy', 'happy']"
494648237_a29defd268_225_27836730@N00,happy,"['happy', 'happy', 'neutral', 'happy']"
2247678969_fe77fbe573_2285_23409532@N05,happy,"['happy', 'happy', 'happy', 'happy']"
2287681703_d0008de50c_2077_11163629@N00,happy,"['happy', 'sad', 'happy', 'sad']"
2573253865_a7e84061f8_3140_67514444@N00,neutral,"['angry', 'neutral', 'neutral', 'neutral']"
1398892195_54f688e1b9_1079_41506751@N00,happy,"['happy', 'happy', 'happy', 'happy']"
2598766242_1d1536c8ed_3262_91636052@N00,happy,"['happy', 'happy', 'happy', 'happy']"
424182159_58b41599bc_164_31341148@N00,happy,"['happy', 'happy', 'happy', 'happy']"
2442859423_3053a89bcb_2006_22672156@N03,happy,"['happy', 'neutral', 'happy', 'happy']"
2550612181_1c5a0e9401_3270_29185979@N00,happy,"['happy', 'happy', 'happy', 'happy']"
2144549321_5370d1f1e8_2325_84765021@N00,happy,"['happy', 'neutral', 'happy', 'happy']"
418322710_c6ca08ad82_184_11761062@N00,happy,"['happy', 'happy', 'happy', 'happy']"
2367733031_433c6677ec_2098_88512520@N00,happy,"['happy', 'happy', 'happy', 'happy']"
394714522_4413f4f0d1_127_27547082@N00,happy,"['happy', 'happy', 'happy', 'happy']"
823350917_185e80ff0a_1253_97438398@N00,happy,"['happy', 'happy', 'happy', 'happy']"
481087320_c970356cb3_210_73207064@N00,happy,"['happy', 'happy', 'happy', 'happy']"
1911265164_99b878604b_2357_7205122@N03,happy,"['happy', 'happy', 'happy', 'happy']"
433252054_b72546f607_174_32209013@N00,happy,"['neutral', 'fear', 'happy', 'happy']"
865984025_6ea3a871bc_1375_96959805@N00,happy,"['happy', 'happy', 'happy', 'happy']"
2591792605_c1834cd9bb_3162_21521663@N07,happy,"['happy', 'happy', 'happy', 'happy']"
2637947111_954f7d0c2b_3139_28286433@N03,happy,"['happy', 'happy', 'fear', 'happy']"
428849284_e013445265_188_7421289@N07,happy,"['neutral', 'happy', 'happy', 'happy']"
1324493321_a602a70ff3_1067_38765384@N00,happy,"['happy', 'neutral', 'neutral', 'happy']"
2218627416_6cc5118534_2006_32904951@N00,happy,"['happy', 'happy', 'neutral', 'neutral']"
2041355248_3a6d1414e9_2005_66883888@N00,happy,"['happy', 'happy', 'happy', 'happy']"
1376896915_db2442d84e_1151_81501056@N00,happy,"['happy', 'sad', 'sad', 'happy']"
522763967_335649010f_226_90203790@N00,happy,"['happy', 'happy', 'happy', 'sad']"
916944966_0aa3c05a5b_1215_88253350@N00,happy,"['happy', 'happy', 'happy', 'neutral']"
468857078_13f495d98d_167_85623764@N00,happy,"['happy', 'happy', 'happy', 'happy']"
2390150921_1c01050d20_3224_45482420@N00,happy,"['happy', 'happy', 'happy', 'happy']"
1354660241_ba82c9eb18_1367_9957698@N06,fear,"['fear', 'fear', 'angry', 'sad']"
2128976109_ba37f11a81_2171_10732166@N06,happy,"['happy', 'fear', 'happy', 'happy']"
675000837_642138afed_1330_39468796@N00,happy,"['happy', 'happy', 'happy', 'happy']"
2151885473_65b66e2d01_2343_18915553@N00,happy,"['happy', 'happy', 'happy', 'happy']"
1480748236_864fa6ad8c_1332_7429660@N02,happy,"['happy', 'happy', 'happy', 'happy']"
2218431290_12d2c51db3_2296_83586782@N00,happy,"['happy', 'neutral', 'happy', 'sad']"
